MA-699,Land Cruiser,c,2
PG-611,Corolla,b,1
HX-179,Range Rover,c,2
NU-188,Passat,b,2
GU-536,Land Cruiser,c,3
HJ-062,Range Rover,c,3
BI-680,Legacy,b,3
CP-013,Legacy,b,1
PW-329,Golf,a,2
XC-541,Corolla,b,1
KH-065,Aygo,a,2
NT-021,Golf,a,2
KE-581,Golf,a,3
WN-971,Land Cruiser,c,2
DS-964,Corolla,b,2
WH-510,Legacy,b,2
FE-262,Golf,a,2
ZZ-824,Land Cruiser,c,3
PU-144,Sorento,c,2
WF-875,Legacy,b,2
ZW-833,Yaris,a,2
QR-778,Corolla,b,1
CN-945,Corolla,b,1
MR-074,Sorento,c,1
HE-535,Sorento,c,3
YP-010,Corolla,b,2
TC-734,Range Rover,c,3
DJ-563,Land Cruiser,c,2
UP-188,Golf,a,2
XE-547,Passat,b,3
MF-971,Sorento,c,1
QD-600,Legacy,b,3
VY-750,Aygo,a,3
IL-133,Yaris,a,2
BT-636,Range Rover,c,3
QM-302,Legacy,b,3
UM-216,Passat,b,1
CZ-563,Passat,b,3
DO-583,Range Rover,c,1
NU-980,Sorento,c,1
RX-859,Legacy,b,1
CV-934,Land Cruiser,c,2
CQ-506,Legacy,b,3
KM-808,Range Rover,c,1
XK-088,Yaris,a,3
XG-547,Passat,b,1
CK-394,Passat,b,1
WC-533,Range Rover,c,2
EK-136,Range Rover,c,1
OQ-106,Sorento,c,3
QV-973,Corolla,b,1
WL-817,Sorento,c,1
WX-486,Golf,a,1
GE-568,Golf,a,3
DY-729,Aygo,a,3
FG-928,Corolla,b,2
NS-910,Yaris,a,3
UT-676,Sorento,c,1
DQ-080,Corolla,b,1
FY-538,Sorento,c,1
FK-253,Aygo,a,3
FT-827,Legacy,b,3
KA-884,Golf,a,3
JS-101,Passat,b,2
SF-426,Legacy,b,2
EJ-992,Land Cruiser,c,1
IG-497,Corolla,b,2
EG-235,Legacy,b,1
MU-290,Land Cruiser,c,2
LZ-797,Land Cruiser,c,1
XQ-893,Range Rover,c,3
WI-526,Golf,a,1
DU-444,Golf,a,1
US-536,Sorento,c,1
YC-634,Legacy,b,1
KC-001,Passat,b,1
BE-111,Golf,a,1
JH-169,Corolla,b,3
VH-701,Passat,b,3
PO-774,Sorento,c,2
KN-019,Range Rover,c,3
RG-592,Passat,b,1
DE-569,Golf,a,1
RN-596,Yaris,a,2
WA-325,Sorento,c,2
QZ-154,Corolla,b,1
ZV-337,Yaris,a,3
CN-756,Aygo,a,3
CF-831,Aygo,a,1
DF-572,Range Rover,c,3
FZ-834,Range Rover,c,3
MS-882,Yaris,a,2
DM-963,Land Cruiser,c,3
AF-050,Golf,a,2
BE-878,Yaris,a,1
EX-574,Corolla,b,2
ZG-513,Yaris,a,1
WI-753,Legacy,b,2
RX-386,Yaris,a,2
IV-071,Golf,a,1
RQ-904,Golf,a,1
RZ-064,Corolla,b,1
JN-242,Aygo,a,1
PF-129,Legacy,b,2
HX-322,Golf,a,1
QK-533,Range Rover,c,1
EY-870,Yaris,a,1
JY-842,Yaris,a,2
FH-750,Legacy,b,2
WB-422,Legacy,b,1
BH-139,Aygo,a,3
IV-944,Legacy,b,1
GO-128,Legacy,b,2
HI-232,Yaris,a,2
HJ-366,Range Rover,c,3
WG-144,Land Cruiser,c,3
WY-846,Legacy,b,2
CS-927,Corolla,b,2
AI-763,Land Cruiser,c,3
ZP-329,Land Cruiser,c,3
IZ-570,Aygo,a,2
MQ-161,Corolla,b,3
DJ-577,Land Cruiser,c,1
OA-683,Land Cruiser,c,3
FL-714,Golf,a,3
FC-883,Sorento,c,2
BH-676,Golf,a,3
ZK-928,Golf,a,2
XB-340,Corolla,b,1
YS-432,Aygo,a,2
ZI-367,Range Rover,c,1
KI-521,Yaris,a,3
CC-096,Range Rover,c,3
NG-369,Yaris,a,2
CO-105,Yaris,a,1
NZ-564,Yaris,a,2
CZ-165,Passat,b,3
TK-030,Corolla,b,2
JF-932,Range Rover,c,1
LD-224,Aygo,a,2
IU-572,Land Cruiser,c,1
MN-627,Yaris,a,3
QS-445,Sorento,c,1
MF-996,Land Cruiser,c,3
AF-096,Legacy,b,3
YT-259,Land Cruiser,c,2
KV-545,Aygo,a,2
HE-263,Range Rover,c,2
DJ-550,Aygo,a,2
RU-655,Sorento,c,3
OF-820,Golf,a,2
XZ-454,Corolla,b,3
KL-073,Land Cruiser,c,3
LV-462,Corolla,b,1
KF-860,Land Cruiser,c,1
II-307,Corolla,b,2
BO-050,Yaris,a,2
IZ-763,Golf,a,3
SW-212,Corolla,b,3
FH-668,Land Cruiser,c,1
MW-837,Sorento,c,1
LA-460,Corolla,b,2
FI-710,Golf,a,1
OP-099,Land Cruiser,c,3
RT-822,Yaris,a,1
QN-016,Sorento,c,1
EH-926,Golf,a,3
OB-904,Golf,a,3
CM-452,Corolla,b,3
IW-964,Legacy,b,1
PZ-205,Corolla,b,3
DV-240,Aygo,a,1
TR-010,Passat,b,3
DY-382,Corolla,b,2
JN-992,Golf,a,2
LB-879,Sorento,c,2
BY-752,Land Cruiser,c,3
XS-652,Aygo,a,1
UW-579,Land Cruiser,c,3
NJ-156,Aygo,a,1
QP-709,Aygo,a,3
QM-430,Corolla,b,2
GQ-137,Land Cruiser,c,1
JS-340,Aygo,a,3
QZ-149,Golf,a,2
KN-588,Corolla,b,1
LR-142,Range Rover,c,2
EZ-078,Land Cruiser,c,3
IL-020,Legacy,b,1
AH-397,Aygo,a,2
JK-617,Sorento,c,3
WU-475,Aygo,a,1
GB-800,Legacy,b,2
TE-871,Passat,b,1
OS-925,Corolla,b,1
DK-402,Passat,b,3
DV-095,Corolla,b,3
EH-212,Legacy,b,2
HE-233,Sorento,c,1
HA-221,Golf,a,3
NE-583,Sorento,c,3
PB-944,Sorento,c,2
SE-859,Yaris,a,3
YY-561,Range Rover,c,2
QA-666,Aygo,a,3
RA-964,Range Rover,c,2
ME-996,Aygo,a,2
QJ-109,Land Cruiser,c,3
EF-584,Legacy,b,3
MQ-704,Yaris,a,3
EE-159,Sorento,c,1
YI-332,Golf,a,1
GK-235,Legacy,b,2
FB-356,Golf,a,2
VH-741,Corolla,b,2
JK-977,Corolla,b,3
PV-325,Range Rover,c,2
PX-301,Sorento,c,2
TQ-765,Sorento,c,3
EL-546,Range Rover,c,3
AY-378,Land Cruiser,c,2
VR-815,Land Cruiser,c,1
HV-135,Golf,a,2
DD-773,Golf,a,3
PA-036,Yaris,a,3
BO-902,Golf,a,3
VD-758,Land Cruiser,c,2
OQ-427,Passat,b,3
TY-816,Aygo,a,1
KX-809,Passat,b,3
FI-078,Range Rover,c,2
YZ-881,Yaris,a,3
KW-516,Range Rover,c,1
PA-491,Sorento,c,2
WZ-218,Golf,a,3
UT-192,Yaris,a,3
IB-103,Corolla,b,1
BR-856,Yaris,a,2
EY-191,Corolla,b,1
WX-988,Corolla,b,1
CN-942,Range Rover,c,2
PE-137,Corolla,b,1
YS-034,Golf,a,3
ES-815,Land Cruiser,c,3
BN-345,Legacy,b,2
BS-455,Sorento,c,2
CC-375,Yaris,a,3
GK-465,Aygo,a,1
HC-494,Legacy,b,3
WE-419,Land Cruiser,c,1
FS-903,Yaris,a,3
CO-815,Aygo,a,1
OJ-052,Legacy,b,1
TC-027,Passat,b,3
AY-295,Land Cruiser,c,1
BO-886,Aygo,a,2
BF-598,Golf,a,3
BW-157,Passat,b,3
AE-665,Passat,b,2
QO-504,Passat,b,2
CC-950,Legacy,b,1
WV-359,Range Rover,c,3
GR-758,Yaris,a,2
WK-086,Golf,a,2
GZ-252,Land Cruiser,c,2
XB-925,Range Rover,c,1
KH-541,Sorento,c,3
NJ-760,Golf,a,3
ME-473,Aygo,a,3
WS-747,Yaris,a,2
LU-362,Land Cruiser,c,1
VO-038,Corolla,b,2
KD-525,Corolla,b,1
WI-697,Sorento,c,3
HJ-866,Legacy,b,1
UR-530,Yaris,a,3
YJ-518,Corolla,b,3
HX-895,Passat,b,1
HV-046,Land Cruiser,c,3
KX-592,Aygo,a,3
IT-853,Passat,b,3
IV-390,Legacy,b,3
CC-826,Yaris,a,3
MF-556,Corolla,b,2
LN-394,Aygo,a,3
QY-802,Legacy,b,2
FR-087,Sorento,c,2
RD-063,Range Rover,c,2
IL-659,Land Cruiser,c,3
TK-548,Passat,b,1
LF-972,Land Cruiser,c,1
YB-082,Corolla,b,2
ND-816,Golf,a,2
DL-921,Yaris,a,1
TZ-123,Passat,b,2
EK-940,Land Cruiser,c,1
XR-042,Land Cruiser,c,1
FC-833,Golf,a,2
OZ-056,Aygo,a,3
HO-118,Golf,a,1
YX-500,Land Cruiser,c,1
QA-257,Passat,b,3
XW-571,Golf,a,2
OH-561,Yaris,a,1
BW-503,Passat,b,2
HT-390,Aygo,a,1
CX-112,Range Rover,c,1
KM-154,Corolla,b,3
OK-704,Yaris,a,2
IW-121,Range Rover,c,3
UO-083,Corolla,b,3
VJ-081,Sorento,c,1
KU-770,Yaris,a,1
TM-126,Yaris,a,3
SM-444,Sorento,c,3
NZ-605,Passat,b,2
GB-261,Golf,a,1
ZF-786,Golf,a,1
BR-753,Yaris,a,3
SQ-781,Aygo,a,3
RC-757,Land Cruiser,c,2
UE-837,Sorento,c,2
ED-904,Aygo,a,3
TU-998,Range Rover,c,3
EO-177,Yaris,a,3
WE-132,Aygo,a,2
FL-823,Land Cruiser,c,3
RB-243,Legacy,b,2
GT-580,Corolla,b,1
CN-559,Land Cruiser,c,3
WH-548,Sorento,c,2
JK-982,Yaris,a,2
PE-069,Land Cruiser,c,3
BT-087,Yaris,a,1
IA-301,Land Cruiser,c,1
OF-918,Sorento,c,1
LO-395,Legacy,b,1
WZ-649,Land Cruiser,c,3
KP-192,Corolla,b,2
NO-049,Aygo,a,3
BD-581,Aygo,a,1
TR-917,Sorento,c,3
EQ-868,Sorento,c,3
YW-306,Aygo,a,2
NW-721,Land Cruiser,c,2
DY-216,Land Cruiser,c,1
NJ-394,Yaris,a,1
XN-015,Legacy,b,1
KJ-048,Aygo,a,3
HO-400,Sorento,c,2
AB-496,Corolla,b,2
XA-896,Legacy,b,1
KG-929,Land Cruiser,c,1
CR-112,Sorento,c,2
MS-322,Land Cruiser,c,3
PB-949,Land Cruiser,c,2
WG-359,Sorento,c,2
CU-271,Passat,b,3
EB-049,Passat,b,2
CK-182,Yaris,a,1
LR-672,Corolla,b,1
ZZ-446,Yaris,a,1
PP-831,Sorento,c,1
II-977,Corolla,b,3
TJ-434,Golf,a,3
FP-222,Aygo,a,3
WP-380,Corolla,b,3
TT-451,Aygo,a,3
QL-149,Legacy,b,1
EX-172,Aygo,a,1
HL-492,Corolla,b,3
DB-925,Legacy,b,1
XG-244,Legacy,b,2
QB-977,Corolla,b,1
HQ-307,Golf,a,1
PO-933,Yaris,a,3
RN-221,Golf,a,2
VV-963,Golf,a,3
EP-416,Sorento,c,2
TG-399,Legacy,b,3
RU-943,Legacy,b,3
ZY-681,Sorento,c,2
UO-958,Aygo,a,1
GD-242,Passat,b,3
PR-505,Legacy,b,3
VT-084,Aygo,a,2
IJ-254,Sorento,c,2
GD-682,Land Cruiser,c,3
OR-406,Range Rover,c,1
JK-524,Land Cruiser,c,2
TD-325,Corolla,b,3
LK-136,Aygo,a,2
GN-109,Aygo,a,1
EZ-369,Yaris,a,2
RB-696,Golf,a,2
BF-686,Passat,b,2
YL-153,Land Cruiser,c,2
UB-853,Passat,b,1
UI-360,Legacy,b,3
DY-336,Golf,a,1
GV-579,Sorento,c,2
DL-999,Passat,b,1
DJ-462,Range Rover,c,2
HO-471,Corolla,b,2
SI-923,Passat,b,2
FV-583,Sorento,c,1
HE-545,Legacy,b,1
VY-353,Range Rover,c,3
ZE-437,Land Cruiser,c,1
OS-983,Aygo,a,3
VU-980,Golf,a,3
KQ-932,Legacy,b,2
YY-686,Legacy,b,1
KC-857,Golf,a,1
SD-738,Yaris,a,1
MV-834,Passat,b,3
DN-180,Corolla,b,3
UT-185,Golf,a,1
RP-926,Aygo,a,1
UX-600,Legacy,b,3
LB-968,Yaris,a,2
TF-275,Range Rover,c,3
RS-668,Legacy,b,3
FL-797,Corolla,b,1
CD-081,Aygo,a,2
WA-619,Golf,a,2
AL-743,Range Rover,c,1
HD-579,Range Rover,c,1
GD-929,Sorento,c,3
OX-756,Corolla,b,2
LD-457,Yaris,a,1
PL-765,Land Cruiser,c,3
CE-388,Sorento,c,2
WH-591,Passat,b,1
SK-874,Corolla,b,2
CC-884,Sorento,c,3
VH-816,Yaris,a,1
TS-415,Golf,a,2
CP-436,Range Rover,c,2
SI-565,Golf,a,3
LY-683,Yaris,a,2
GE-360,Corolla,b,1
VU-544,Corolla,b,3
RY-030,Aygo,a,3
EV-612,Land Cruiser,c,2
FX-783,Passat,b,3
WS-972,Corolla,b,1
JZ-733,Golf,a,2
ED-326,Sorento,c,1
OA-169,Sorento,c,3
GN-437,Corolla,b,3
YG-041,Legacy,b,2
OA-162,Range Rover,c,3
JC-782,Aygo,a,3
IH-209,Yaris,a,2
IS-630,Land Cruiser,c,1
FD-527,Range Rover,c,2
OF-510,Corolla,b,2
AM-064,Legacy,b,3
MM-448,Passat,b,1
LE-784,Golf,a,3
GO-509,Corolla,b,3
VA-339,Aygo,a,1
DC-866,Sorento,c,1
WX-261,Range Rover,c,3
NF-831,Passat,b,3
RL-402,Range Rover,c,1
XY-409,Aygo,a,3
XE-408,Corolla,b,3
YB-037,Range Rover,c,2
ZN-416,Golf,a,1
OH-901,Sorento,c,1
QE-928,Legacy,b,2
SO-820,Land Cruiser,c,1
HC-636,Range Rover,c,2
XN-522,Range Rover,c,1
BT-123,Legacy,b,3
NH-889,Sorento,c,3
UD-350,Passat,b,3
AW-460,Golf,a,2
EA-086,Legacy,b,3
IU-611,Land Cruiser,c,2
EX-886,Sorento,c,1
YW-202,Land Cruiser,c,3
EC-065,Corolla,b,2
UX-173,Range Rover,c,3
LU-845,Aygo,a,1
SR-011,Passat,b,1
FW-482,Aygo,a,3
MI-031,Passat,b,1
LE-553,Range Rover,c,3
EQ-799,Yaris,a,3
WI-976,Corolla,b,3
UJ-634,Range Rover,c,1
IL-633,Passat,b,1
ED-823,Sorento,c,3
VU-514,Passat,b,2
TA-797,Range Rover,c,2
SX-217,Legacy,b,3
YP-601,Aygo,a,1
PK-451,Land Cruiser,c,2
MP-265,Sorento,c,2
PA-860,Passat,b,3
IM-329,Golf,a,1
FY-114,Yaris,a,3
GC-558,Corolla,b,2
XF-638,Golf,a,3
WC-715,Sorento,c,1
AB-683,Corolla,b,2
TH-329,Aygo,a,3
RM-995,Golf,a,1
YV-646,Passat,b,3
XZ-171,Yaris,a,3
LV-755,Range Rover,c,3
WK-076,Range Rover,c,2
CC-449,Legacy,b,2
RK-262,Yaris,a,3
NV-891,Range Rover,c,2
IJ-929,Passat,b,3
YE-830,Aygo,a,3
JO-864,Range Rover,c,2
YQ-541,Passat,b,2
ZK-048,Yaris,a,3
XI-336,Sorento,c,3
XM-680,Range Rover,c,2
LG-648,Yaris,a,3
GQ-111,Golf,a,3
XY-737,Range Rover,c,2
WE-049,Land Cruiser,c,2
GQ-951,Passat,b,1
NV-195,Sorento,c,1
FA-666,Aygo,a,3
DY-311,Aygo,a,2
JS-348,Aygo,a,1
SG-120,Land Cruiser,c,1
GQ-016,Range Rover,c,2
GI-467,Range Rover,c,3
FP-125,Passat,b,2
SU-144,Sorento,c,1
XU-897,Passat,b,1
XQ-019,Sorento,c,3
TM-965,Aygo,a,3
ET-909,Yaris,a,1
RG-393,Yaris,a,3
JA-143,Aygo,a,3
AX-051,Yaris,a,2
RY-474,Sorento,c,1
II-485,Corolla,b,3
WW-676,Passat,b,1
HD-563,Sorento,c,1
MB-010,Passat,b,2
VB-969,Sorento,c,3
DX-492,Legacy,b,3
RQ-892,Land Cruiser,c,3
OT-524,Yaris,a,1
KM-214,Sorento,c,3
UD-041,Golf,a,3
SH-071,Passat,b,1
AA-838,Land Cruiser,c,1
WT-324,Yaris,a,1
JL-344,Legacy,b,2
EO-028,Range Rover,c,2
VH-519,Corolla,b,2
WT-668,Passat,b,1
IZ-207,Land Cruiser,c,1
US-012,Yaris,a,1
FO-460,Land Cruiser,c,2
XJ-236,Passat,b,3
IN-940,Legacy,b,3
AA-371,Range Rover,c,2
XA-035,Yaris,a,1
QP-397,Sorento,c,3
GQ-631,Sorento,c,1
NS-933,Sorento,c,2
LK-831,Aygo,a,3
FR-761,Sorento,c,3
VZ-863,Legacy,b,2
IS-099,Land Cruiser,c,1
FS-610,Corolla,b,1
EZ-509,Legacy,b,3
KE-431,Corolla,b,2
NP-557,Golf,a,3
NJ-687,Land Cruiser,c,1
PV-712,Golf,a,2
MD-524,Yaris,a,3
VY-266,Yaris,a,2
LU-639,Golf,a,3
BU-378,Legacy,b,1
CL-547,Yaris,a,3
JV-139,Passat,b,1
SF-716,Legacy,b,1
KG-237,Legacy,b,3
GM-174,Land Cruiser,c,2
QK-294,Golf,a,3
KJ-755,Land Cruiser,c,1
FA-776,Corolla,b,1
HG-886,Aygo,a,3
JR-065,Yaris,a,2
RZ-959,Aygo,a,3
XI-460,Sorento,c,1
IP-090,Legacy,b,1
YS-928,Aygo,a,3
UY-465,Yaris,a,3
JY-096,Passat,b,2
TE-139,Passat,b,1
WJ-913,Golf,a,2
OU-241,Legacy,b,1
LO-479,Yaris,a,3
BY-897,Passat,b,1
CV-533,Corolla,b,2
OI-499,Golf,a,2
HO-893,Aygo,a,2
RL-432,Land Cruiser,c,2
EH-572,Aygo,a,3
MQ-853,Land Cruiser,c,2
KM-051,Yaris,a,1
TE-243,Yaris,a,3
CO-849,Golf,a,2
ID-446,Yaris,a,1
DH-748,Range Rover,c,2
UD-972,Yaris,a,2
ZR-231,Land Cruiser,c,1
SF-680,Corolla,b,1
PR-880,Corolla,b,2
DU-873,Corolla,b,1
KE-817,Yaris,a,3
RR-247,Passat,b,2
UF-529,Sorento,c,2
CG-349,Range Rover,c,1
GH-004,Aygo,a,3
WL-670,Aygo,a,1
AY-755,Aygo,a,2
WC-833,Legacy,b,1
HT-835,Land Cruiser,c,1
AE-462,Range Rover,c,2
WH-767,Range Rover,c,1
GI-079,Corolla,b,3
PR-007,Range Rover,c,1
ZW-138,Yaris,a,1
WL-842,Corolla,b,2
BD-718,Yaris,a,2
HL-332,Land Cruiser,c,1
EE-164,Corolla,b,3
BZ-189,Golf,a,1
ZF-083,Aygo,a,3
MN-998,Legacy,b,3
LB-367,Range Rover,c,3
VY-308,Land Cruiser,c,1
PJ-142,Golf,a,3
LV-337,Corolla,b,2
SG-666,Passat,b,2
VH-424,Range Rover,c,1
OQ-242,Golf,a,3
BA-266,Aygo,a,2
NZ-071,Aygo,a,1
MS-579,Aygo,a,2
PK-713,Land Cruiser,c,1
HS-959,Corolla,b,3
AU-054,Aygo,a,1
DU-047,Legacy,b,3
TR-165,Range Rover,c,1
BN-107,Sorento,c,3
LJ-258,Range Rover,c,3
DF-381,Golf,a,3
DY-177,Passat,b,3
HM-467,Aygo,a,3
OZ-148,Sorento,c,2
MD-836,Legacy,b,3
CT-582,Legacy,b,1
YS-821,Yaris,a,1
KK-612,Corolla,b,3
CN-038,Yaris,a,2
CM-290,Passat,b,1
CM-138,Range Rover,c,1
QX-992,Golf,a,2
XP-909,Passat,b,2
SZ-492,Golf,a,2
GX-805,Range Rover,c,3
TD-411,Sorento,c,3
JW-816,Passat,b,2
NO-208,Aygo,a,3
TT-910,Legacy,b,3
YB-520,Land Cruiser,c,1
ZN-480,Yaris,a,1
BA-746,Passat,b,3
PL-094,Aygo,a,3
XP-326,Golf,a,3
FX-502,Legacy,b,2
UN-797,Land Cruiser,c,1
DO-524,Legacy,b,3
RE-882,Aygo,a,2
JX-219,Range Rover,c,1
JY-841,Range Rover,c,1
LE-133,Corolla,b,2
QY-084,Sorento,c,3
RA-705,Yaris,a,1
JQ-536,Sorento,c,3
BE-589,Land Cruiser,c,3
RN-164,Land Cruiser,c,3
TA-883,Yaris,a,3
NV-692,Range Rover,c,3
UR-028,Legacy,b,1
JM-186,Golf,a,2
RA-656,Legacy,b,3
DD-858,Golf,a,1
MJ-756,Passat,b,3
GM-552,Range Rover,c,3
XN-797,Sorento,c,1
PV-350,Corolla,b,3
QM-225,Range Rover,c,1
AK-598,Range Rover,c,1
JR-552,Golf,a,3
YC-759,Yaris,a,3
MU-872,Corolla,b,1
PN-462,Sorento,c,1
JD-574,Yaris,a,1
RG-127,Aygo,a,3
PB-200,Yaris,a,2
SK-415,Legacy,b,1
BT-179,Sorento,c,1
IP-406,Sorento,c,1
AT-613,Yaris,a,2
RS-577,Yaris,a,3
CF-753,Corolla,b,3
EH-378,Golf,a,1
PI-296,Range Rover,c,1
SC-254,Range Rover,c,1
PU-265,Aygo,a,2
FW-370,Golf,a,1
LD-771,Yaris,a,2
NX-940,Legacy,b,2
ZI-998,Land Cruiser,c,2
BL-021,Sorento,c,2
CF-142,Sorento,c,1
BD-745,Range Rover,c,1
CD-346,Corolla,b,2
CD-696,Land Cruiser,c,3
JC-711,Legacy,b,2
RJ-908,Sorento,c,1
KN-445,Legacy,b,2
RJ-974,Aygo,a,1
QG-960,Aygo,a,3
BH-905,Sorento,c,3
AS-206,Land Cruiser,c,2
FN-931,Passat,b,2
IT-100,Golf,a,2
KF-350,Range Rover,c,1
HI-133,Yaris,a,1
OW-401,Yaris,a,2
NF-248,Legacy,b,2
PB-001,Aygo,a,2
QP-430,Aygo,a,2
LM-274,Golf,a,1
LL-175,Corolla,b,2
XE-133,Passat,b,3
WL-616,Passat,b,1
OR-785,Legacy,b,2
FE-994,Aygo,a,1
OT-631,Range Rover,c,1
ZO-577,Range Rover,c,2
ML-166,Yaris,a,3
RA-621,Sorento,c,3
WB-890,Sorento,c,2
VB-005,Legacy,b,3
HU-263,Legacy,b,3
VD-658,Corolla,b,1
AS-730,Aygo,a,1
LL-516,Yaris,a,2
XQ-267,Yaris,a,1
PE-831,Land Cruiser,c,2
MA-671,Golf,a,3
BV-557,Passat,b,3
JW-636,Yaris,a,3
ZC-572,Yaris,a,2
RY-602,Sorento,c,3
VT-769,Corolla,b,2
UU-983,Sorento,c,3
UB-380,Range Rover,c,2
GS-128,Sorento,c,2
TT-325,Land Cruiser,c,1
OV-183,Sorento,c,3
ZG-728,Corolla,b,3
HF-917,Aygo,a,2
SC-456,Yaris,a,2
HI-761,Sorento,c,1
RU-891,Corolla,b,1
SF-451,Sorento,c,3
HX-613,Sorento,c,3
VO-881,Legacy,b,3
CL-597,Aygo,a,1
PF-739,Sorento,c,1
SW-990,Legacy,b,3
FQ-288,Sorento,c,1
EA-556,Land Cruiser,c,3
JJ-103,Corolla,b,3
UW-953,Land Cruiser,c,1
TU-368,Golf,a,1
ME-961,Corolla,b,2
UI-444,Passat,b,2
AQ-219,Legacy,b,3
IX-206,Aygo,a,2
UB-321,Yaris,a,3
GK-706,Range Rover,c,1
NT-169,Yaris,a,1
RI-749,Range Rover,c,2
IP-869,Corolla,b,3
FS-154,Yaris,a,2
DK-613,Yaris,a,2
HE-327,Aygo,a,3
LV-771,Aygo,a,3
EY-397,Yaris,a,3
RQ-463,Aygo,a,3
VD-405,Passat,b,3
SI-169,Sorento,c,3
CV-852,Passat,b,1
VA-152,Land Cruiser,c,1
DM-938,Corolla,b,2
KQ-662,Golf,a,1
TM-842,Aygo,a,2
LD-751,Land Cruiser,c,2
XB-114,Passat,b,1
SF-138,Land Cruiser,c,2
RP-715,Passat,b,1
ZN-306,Aygo,a,1
IH-073,Range Rover,c,1
FX-910,Corolla,b,1
JX-529,Golf,a,1
YW-544,Range Rover,c,1
RW-326,Corolla,b,3
EA-354,Yaris,a,3
AU-936,Yaris,a,1
EH-271,Corolla,b,3
BD-190,Passat,b,2
LS-713,Aygo,a,3
YR-798,Yaris,a,3
RL-194,Corolla,b,1
IW-056,Golf,a,1
UX-954,Aygo,a,1
MW-579,Corolla,b,2
XV-732,Passat,b,1
CO-594,Corolla,b,1
LA-232,Aygo,a,1
IC-283,Corolla,b,3
AS-530,Corolla,b,2
ET-989,Passat,b,3
XD-840,Passat,b,3
LN-917,Sorento,c,2
ZU-254,Golf,a,1
CI-792,Sorento,c,2
AU-491,Range Rover,c,3
LL-615,Land Cruiser,c,1
SW-477,Yaris,a,3
OC-212,Land Cruiser,c,1
GZ-543,Corolla,b,3
FQ-733,Passat,b,1
JX-856,Land Cruiser,c,2
ZF-089,Sorento,c,3
BX-661,Golf,a,1
YY-059,Range Rover,c,1
AL-820,Golf,a,3
DC-201,Aygo,a,3
KW-836,Legacy,b,2
LL-686,Yaris,a,1
PP-879,Golf,a,2
HS-403,Aygo,a,1
YF-340,Aygo,a,2
GO-899,Legacy,b,1
UL-936,Land Cruiser,c,3
ZH-179,Land Cruiser,c,3
YD-607,Yaris,a,3
YX-082,Corolla,b,3
DX-446,Legacy,b,3
ZS-705,Aygo,a,1
HX-069,Corolla,b,3
ED-806,Corolla,b,3
PR-025,Land Cruiser,c,3
JR-335,Corolla,b,3
MH-074,Sorento,c,3
PY-555,Golf,a,1
MT-713,Land Cruiser,c,2
CI-859,Land Cruiser,c,1
ZT-287,Passat,b,3
KK-562,Passat,b,3
OV-303,Golf,a,2
QE-259,Range Rover,c,2
XX-318,Aygo,a,2
BJ-432,Range Rover,c,1
NS-865,Corolla,b,1
RB-016,Yaris,a,3
NV-377,Corolla,b,2
QI-161,Golf,a,2
GH-871,Range Rover,c,3
AH-046,Corolla,b,3
DP-509,Legacy,b,2
HP-925,Yaris,a,3
UQ-236,Yaris,a,1
DW-220,Sorento,c,3
VG-481,Corolla,b,1
TM-732,Yaris,a,3
NP-844,Aygo,a,3
DT-693,Yaris,a,1
DA-018,Land Cruiser,c,2
XN-646,Aygo,a,1
HN-074,Range Rover,c,2
HO-680,Sorento,c,2
FY-630,Legacy,b,3
YA-084,Passat,b,2
WL-852,Passat,b,1
MB-793,Aygo,a,1
AV-863,Corolla,b,1
JA-437,Corolla,b,3
KU-707,Golf,a,1
RJ-960,Aygo,a,3
UP-400,Yaris,a,2
WM-462,Passat,b,1
PR-371,Range Rover,c,1
QF-931,Corolla,b,2
AO-869,Corolla,b,3
FF-321,Corolla,b,3
UJ-972,Legacy,b,2
DQ-816,Land Cruiser,c,3
HT-477,Golf,a,3
PT-406,Land Cruiser,c,3
YO-423,Sorento,c,3
SG-406,Golf,a,1
OD-829,Passat,b,2
FO-583,Land Cruiser,c,2
FS-404,Aygo,a,1
UH-223,Aygo,a,3
MA-227,Range Rover,c,2
HH-719,Aygo,a,1
SD-477,Corolla,b,1
LN-951,Legacy,b,1
KU-669,Aygo,a,3
MA-627,Sorento,c,3
TE-253,Golf,a,1
PG-158,Legacy,b,3
AU-134,Yaris,a,2
ZZ-114,Aygo,a,1
ZV-052,Sorento,c,1
JU-234,Land Cruiser,c,2
NR-337,Passat,b,3
MB-740,Golf,a,3
LJ-436,Aygo,a,3
VD-157,Yaris,a,1
EN-581,Aygo,a,2
WQ-849,Legacy,b,3
ZT-720,Range Rover,c,1
BD-918,Range Rover,c,1
QV-834,Legacy,b,1
IQ-493,Corolla,b,3
BU-903,Aygo,a,3
VK-802,Passat,b,3
LQ-500,Range Rover,c,3
JF-887,Aygo,a,2
NX-341,Land Cruiser,c,1
GS-477,Golf,a,1
RA-929,Sorento,c,1
WR-833,Land Cruiser,c,3
ML-392,Yaris,a,3
TV-502,Yaris,a,1
UT-365,Range Rover,c,3
DM-191,Range Rover,c,3
PW-462,Land Cruiser,c,1
SE-484,Golf,a,2
PU-403,Legacy,b,1
KF-683,Sorento,c,1
WO-942,Aygo,a,1
VM-374,Golf,a,2
GF-332,Passat,b,1
FW-138,Legacy,b,3
NV-607,Yaris,a,1
MY-756,Sorento,c,3
JI-660,Passat,b,3
GL-069,Sorento,c,1
UC-781,Golf,a,3
RT-220,Range Rover,c,1
MN-906,Aygo,a,2
ZY-184,Legacy,b,3
TS-292,Range Rover,c,2
NI-927,Corolla,b,2
HJ-705,Land Cruiser,c,2
BU-687,Aygo,a,2
WD-969,Land Cruiser,c,3
QH-396,Aygo,a,2
YY-966,Yaris,a,1
OD-975,Range Rover,c,2
GY-094,Golf,a,1
HZ-616,Legacy,b,1
XA-699,Land Cruiser,c,3
RN-812,Aygo,a,2
UY-160,Land Cruiser,c,2
FF-984,Yaris,a,2
IJ-197,Passat,b,2
CP-546,Passat,b,1
OO-203,Corolla,b,3
FO-952,Corolla,b,3
RA-393,Golf,a,3
UY-048,Sorento,c,2
MC-394,Yaris,a,2
KN-177,Legacy,b,1
QU-608,Land Cruiser,c,3
GL-615,Corolla,b,3
GN-038,Range Rover,c,3
HY-994,Golf,a,2
HH-823,Golf,a,1
GJ-058,Range Rover,c,2
JT-999,Yaris,a,2
QE-639,Range Rover,c,1
DQ-282,Aygo,a,2
VK-254,Land Cruiser,c,2
CI-558,Yaris,a,3
FZ-792,Range Rover,c,2
EV-328,Land Cruiser,c,3
KW-314,Land Cruiser,c,3
XT-130,Aygo,a,3
DH-644,Legacy,b,1
NU-730,Range Rover,c,3
RT-822,Aygo,a,2
ZW-224,Sorento,c,3
AL-158,Range Rover,c,2
XZ-213,Sorento,c,2
UY-932,Range Rover,c,1
EA-439,Passat,b,1
IQ-780,Sorento,c,1
FC-695,Aygo,a,1
EX-764,Aygo,a,2
RS-427,Golf,a,3
ZC-427,Corolla,b,3
UH-669,Land Cruiser,c,2
PI-901,Corolla,b,1
SJ-689,Land Cruiser,c,3
WN-490,Golf,a,1
GI-003,Land Cruiser,c,1
NC-113,Aygo,a,1
MZ-889,Yaris,a,1
XD-634,Golf,a,3
DF-564,Range Rover,c,2
FO-999,Corolla,b,1
DO-191,Land Cruiser,c,3
AZ-175,Golf,a,2
JQ-304,Golf,a,1
PN-964,Land Cruiser,c,1
AT-369,Legacy,b,1
OX-760,Legacy,b,3
VK-504,Golf,a,3
SV-492,Golf,a,1
NT-837,Aygo,a,2
OV-833,Passat,b,3
LH-016,Land Cruiser,c,2
JN-892,Legacy,b,3
OC-474,Range Rover,c,3
EN-620,Yaris,a,1
WN-437,Yaris,a,2
BZ-148,Aygo,a,3
GC-559,Sorento,c,2
HB-671,Aygo,a,1
AC-928,Sorento,c,3
JJ-952,Land Cruiser,c,1
KX-114,Passat,b,2
CE-221,Corolla,b,3
RQ-699,Range Rover,c,3
JR-321,Corolla,b,1
KZ-659,Range Rover,c,3
KL-214,Passat,b,1
HC-429,Legacy,b,3
YP-114,Legacy,b,3
DH-280,Range Rover,c,1
HS-702,Legacy,b,3
SP-996,Yaris,a,2
MG-423,Sorento,c,3
YI-445,Corolla,b,2
VM-867,Legacy,b,3
SH-134,Golf,a,3
AS-506,Aygo,a,2
BW-118,Passat,b,3
UE-950,Legacy,b,2
OX-666,Range Rover,c,2
YA-526,Passat,b,1
GL-669,Legacy,b,1
XI-585,Aygo,a,3
SL-396,Sorento,c,2
DL-657,Aygo,a,3
XA-493,Golf,a,1
BP-269,Aygo,a,1
LN-862,Land Cruiser,c,3
QD-936,Yaris,a,2
CA-341,Land Cruiser,c,1
WR-623,Land Cruiser,c,3
FT-845,Sorento,c,1
IQ-942,Yaris,a,3
DZ-567,Corolla,b,3
CH-128,Yaris,a,2
RF-807,Passat,b,3
US-356,Range Rover,c,1
WZ-155,Legacy,b,3
ZM-573,Sorento,c,1
IA-030,Passat,b,3
TZ-926,Yaris,a,2
FH-431,Range Rover,c,3
CI-685,Range Rover,c,1
GG-793,Yaris,a,2
YQ-059,Golf,a,2
HD-495,Legacy,b,1
VG-285,Aygo,a,1
UL-889,Land Cruiser,c,1
KS-652,Aygo,a,2
BS-435,Range Rover,c,3
SH-049,Aygo,a,3
VV-100,Land Cruiser,c,2
NL-190,Yaris,a,1
UU-265,Corolla,b,3
VN-389,Land Cruiser,c,2
OR-240,Sorento,c,3
CF-060,Yaris,a,2
YO-380,Golf,a,1
VI-862,Sorento,c,1
GA-135,Range Rover,c,3
NG-506,Aygo,a,1
SU-909,Range Rover,c,1
IG-725,Sorento,c,3
VX-167,Aygo,a,2
ZL-720,Corolla,b,1
OV-519,Range Rover,c,3
PT-789,Range Rover,c,1
EF-212,Land Cruiser,c,1
VR-241,Yaris,a,3
WV-751,Sorento,c,2
WD-084,Aygo,a,2
SE-987,Sorento,c,3
GV-901,Land Cruiser,c,1
CD-413,Corolla,b,3
VY-719,Golf,a,3
BH-612,Golf,a,2
OV-003,Legacy,b,2
IG-998,Yaris,a,3
ZI-070,Yaris,a,2
TX-990,Range Rover,c,2
KF-221,Passat,b,2
OR-480,Yaris,a,3
ST-324,Range Rover,c,1
PV-427,Legacy,b,1
FS-225,Yaris,a,3
NZ-985,Passat,b,2
KR-213,Legacy,b,1
TF-111,Golf,a,1
FW-483,Golf,a,1
KQ-565,Land Cruiser,c,3
TU-627,Sorento,c,3
FU-589,Yaris,a,2
AN-880,Passat,b,1
GK-433,Passat,b,2
EE-758,Range Rover,c,2
HF-557,Range Rover,c,2
GX-798,Land Cruiser,c,1
EM-195,Passat,b,2
RO-702,Legacy,b,3
SK-495,Passat,b,3
GH-466,Range Rover,c,3
HK-476,Aygo,a,1
LL-646,Aygo,a,3
CS-354,Corolla,b,2
GB-379,Aygo,a,3
DI-580,Range Rover,c,2
YY-452,Yaris,a,3
ZB-300,Legacy,b,2
NF-447,Aygo,a,3
NN-864,Passat,b,3
YP-696,Sorento,c,3
BU-534,Range Rover,c,2
ZN-533,Sorento,c,1
KN-875,Corolla,b,3
OU-791,Range Rover,c,2
VJ-131,Golf,a,1
WS-653,Legacy,b,2
CU-774,Yaris,a,1
NB-319,Aygo,a,2
LH-542,Corolla,b,3
CD-333,Corolla,b,3
HI-877,Golf,a,2
EA-348,Corolla,b,2
QZ-155,Legacy,b,3
PN-070,Legacy,b,3
CX-965,Golf,a,2
LV-989,Land Cruiser,c,3
NF-257,Passat,b,2
NS-679,Corolla,b,2
ZP-739,Yaris,a,2
ZF-192,Range Rover,c,2
WO-336,Legacy,b,3
VN-344,Yaris,a,2
BO-133,Legacy,b,1
ZJ-271,Land Cruiser,c,1
EU-444,Range Rover,c,3
UX-335,Sorento,c,1
DS-647,Yaris,a,1
LL-633,Passat,b,1
QX-286,Golf,a,2
GV-261,Golf,a,2
IR-519,Aygo,a,1
CY-456,Land Cruiser,c,3
KG-640,Aygo,a,2
LV-945,Sorento,c,1
BN-960,Aygo,a,2
UT-115,Land Cruiser,c,2
VT-274,Sorento,c,2
CB-259,Legacy,b,2
VC-721,Range Rover,c,3
BJ-414,Passat,b,1
LG-888,Corolla,b,3
LR-051,Yaris,a,3
PM-285,Passat,b,1
CJ-188,Legacy,b,2
ZH-662,Aygo,a,2
EF-462,Sorento,c,1
VB-100,Aygo,a,3
OB-139,Sorento,c,3
XI-960,Land Cruiser,c,3
JH-840,Range Rover,c,1
TJ-757,Sorento,c,2
NQ-250,Passat,b,3
NH-366,Aygo,a,3
IK-579,Corolla,b,1
SG-044,Sorento,c,1
PY-053,Passat,b,1
AX-342,Sorento,c,3
OS-780,Aygo,a,1
CM-971,Land Cruiser,c,1
EJ-723,Sorento,c,1
IL-884,Land Cruiser,c,2
QG-479,Range Rover,c,2
PQ-168,Yaris,a,1
YK-015,Passat,b,1
ND-623,Passat,b,2
NK-855,Land Cruiser,c,2
LN-826,Passat,b,1
TD-505,Passat,b,1
OL-426,Land Cruiser,c,1
HA-902,Aygo,a,2
XD-666,Passat,b,2
WB-395,Aygo,a,3
ZV-665,Sorento,c,3
FK-297,Aygo,a,1
ET-721,Golf,a,3
UL-159,Aygo,a,2
RT-687,Aygo,a,1
ZC-215,Passat,b,1
OS-395,Golf,a,2
HM-990,Corolla,b,1
NC-795,Golf,a,1
SB-033,Range Rover,c,1
NS-695,Legacy,b,1
TH-081,Corolla,b,1
FE-093,Sorento,c,2
TI-841,Passat,b,3
ML-075,Land Cruiser,c,2
AG-325,Sorento,c,1
TQ-694,Aygo,a,1
RW-068,Passat,b,2
IH-284,Sorento,c,3
NS-826,Corolla,b,2
GO-193,Aygo,a,1
NU-013,Legacy,b,1
DF-185,Golf,a,1
AK-299,Sorento,c,1
DN-297,Golf,a,3
OP-889,Yaris,a,3
WA-052,Legacy,b,3
HP-066,Legacy,b,1
NF-951,Sorento,c,2
TX-506,Golf,a,1
YA-281,Sorento,c,1
XJ-758,Land Cruiser,c,3
GM-438,Golf,a,2
ZL-155,Sorento,c,3
VS-575,Aygo,a,2
JI-975,Passat,b,2
UC-504,Corolla,b,2
RX-692,Legacy,b,3
TU-704,Yaris,a,2
ZI-694,Land Cruiser,c,2
MG-441,Sorento,c,2
ML-148,Yaris,a,3
IM-148,Golf,a,1
QD-829,Corolla,b,2
OP-683,Land Cruiser,c,2
GK-265,Land Cruiser,c,2
AV-527,Land Cruiser,c,2
US-332,Corolla,b,3
LB-502,Passat,b,3
QI-894,Legacy,b,1
CK-935,Land Cruiser,c,1
FQ-942,Range Rover,c,2
NT-813,Land Cruiser,c,3
KN-520,Sorento,c,1
IR-796,Golf,a,3
EL-856,Range Rover,c,2
RT-268,Range Rover,c,1
KX-942,Golf,a,3
HW-261,Range Rover,c,1
YV-383,Land Cruiser,c,1
SC-649,Golf,a,3
ST-148,Corolla,b,3
LK-292,Corolla,b,1
IP-872,Passat,b,2
ET-726,Golf,a,2
GU-444,Corolla,b,2
TD-697,Corolla,b,2
ND-983,Sorento,c,1
WX-520,Sorento,c,2
BZ-934,Corolla,b,3
EV-563,Sorento,c,2
OF-520,Sorento,c,2
CT-812,Aygo,a,1
DY-007,Passat,b,1
ZY-905,Yaris,a,2
ZG-049,Sorento,c,2
PM-095,Range Rover,c,3
DM-905,Range Rover,c,3
ZM-128,Corolla,b,1
NN-629,Passat,b,1
SG-909,Yaris,a,1
XM-768,Sorento,c,3
DR-396,Range Rover,c,1
JM-259,Aygo,a,2
FT-583,Legacy,b,3
QT-231,Legacy,b,3
XG-839,Sorento,c,3
NG-850,Corolla,b,1
UQ-010,Range Rover,c,1
JC-433,Passat,b,3
UK-636,Legacy,b,2
UH-415,Sorento,c,1
RM-469,Passat,b,2
ZV-991,Yaris,a,3
DF-758,Corolla,b,1
XD-392,Land Cruiser,c,3
WU-052,Yaris,a,3
UJ-759,Legacy,b,3
WL-338,Range Rover,c,3
MO-717,Yaris,a,3
WR-128,Aygo,a,1
PY-564,Sorento,c,3
FL-734,Golf,a,3
MM-852,Corolla,b,1
WR-830,Aygo,a,3
EA-693,Corolla,b,1
RH-883,Corolla,b,1
UV-868,Legacy,b,1
PN-595,Land Cruiser,c,3
BM-135,Corolla,b,1
MF-119,Sorento,c,1
XZ-042,Legacy,b,1
RX-021,Legacy,b,2
JR-937,Corolla,b,1
ED-002,Corolla,b,2
GM-513,Corolla,b,2
GK-259,Legacy,b,1
QS-568,Golf,a,2
TN-463,Land Cruiser,c,2
KR-312,Yaris,a,2
FY-625,Range Rover,c,2
SN-391,Passat,b,3
KO-988,Sorento,c,2
SL-135,Range Rover,c,1
MD-772,Sorento,c,3
HX-035,Aygo,a,2
CA-387,Aygo,a,1
EI-319,Legacy,b,1
BT-330,Golf,a,2
EC-700,Passat,b,2
UD-880,Corolla,b,3
RW-625,Aygo,a,1
KO-586,Aygo,a,3
PZ-594,Corolla,b,1
KL-868,Corolla,b,2
NT-205,Yaris,a,2
EP-095,Legacy,b,2
FD-627,Golf,a,2
GE-840,Corolla,b,3
QF-664,Corolla,b,1
GQ-723,Land Cruiser,c,1
WW-729,Yaris,a,2
DA-735,Golf,a,1
JG-548,Yaris,a,2
FB-029,Aygo,a,2
VJ-533,Legacy,b,2
CM-231,Passat,b,3
TK-831,Aygo,a,1
MS-015,Golf,a,2
CC-110,Land Cruiser,c,3
UY-332,Yaris,a,2
QP-184,Corolla,b,2
GP-151,Passat,b,3
UG-849,Yaris,a,2
GW-386,Legacy,b,1
SD-224,Land Cruiser,c,3
AK-125,Aygo,a,1
RB-437,Aygo,a,3
YY-938,Land Cruiser,c,2
DP-482,Range Rover,c,2
YG-172,Sorento,c,1
UC-762,Golf,a,1
ZF-223,Sorento,c,2
CP-763,Aygo,a,1
NE-437,Legacy,b,2
CM-668,Range Rover,c,2
GZ-393,Land Cruiser,c,1
MD-892,Range Rover,c,2
JZ-671,Legacy,b,2
DU-102,Legacy,b,1
DF-026,Sorento,c,3
TG-092,Corolla,b,1
AS-894,Yaris,a,2
CI-643,Land Cruiser,c,1
IG-942,Yaris,a,3
UP-772,Passat,b,2
RB-273,Aygo,a,2
UR-219,Sorento,c,1
FA-778,Land Cruiser,c,2
XG-725,Sorento,c,3
WN-878,Yaris,a,3
HL-584,Land Cruiser,c,2
RV-424,Sorento,c,3
TK-183,Passat,b,1
TP-595,Aygo,a,1
KT-836,Aygo,a,2
PW-667,Passat,b,2
VQ-841,Golf,a,2
TO-224,Corolla,b,2
TG-367,Aygo,a,2
DO-795,Land Cruiser,c,2
NN-039,Land Cruiser,c,1
QY-954,Corolla,b,1
UH-365,Yaris,a,3
EL-523,Corolla,b,1
UF-839,Range Rover,c,2
NM-542,Range Rover,c,1
ZL-188,Sorento,c,2
BV-079,Range Rover,c,3
TY-877,Corolla,b,2
SJ-213,Aygo,a,2
DZ-698,Passat,b,1
XF-714,Sorento,c,3
GB-639,Corolla,b,2
BF-659,Corolla,b,1
GP-976,Aygo,a,2
JW-946,Corolla,b,2
OM-145,Sorento,c,3
PO-587,Range Rover,c,3
JV-383,Sorento,c,3
LG-706,Land Cruiser,c,2
YG-313,Legacy,b,2
FK-219,Passat,b,2
CS-788,Aygo,a,1
JW-540,Golf,a,3
HA-539,Golf,a,1
SQ-540,Sorento,c,1
SG-762,Passat,b,1
BN-683,Golf,a,1
FI-499,Range Rover,c,3
XX-504,Passat,b,3
TJ-974,Yaris,a,2
UU-004,Sorento,c,3
ZC-412,Corolla,b,3
AR-364,Passat,b,3
OP-253,Golf,a,3
XP-044,Passat,b,3
XU-660,Legacy,b,1
ZZ-548,Land Cruiser,c,1
SR-834,Yaris,a,1
JV-887,Land Cruiser,c,1
OT-199,Aygo,a,2
NX-393,Sorento,c,1
PO-468,Legacy,b,2
LP-368,Yaris,a,3
FZ-264,Land Cruiser,c,3
SF-829,Land Cruiser,c,3
OW-846,Sorento,c,2
IT-575,Legacy,b,1
QA-772,Range Rover,c,3
GQ-738,Land Cruiser,c,1
PJ-928,Land Cruiser,c,3
FG-317,Range Rover,c,2
BM-856,Sorento,c,1
FI-826,Sorento,c,3
GM-702,Legacy,b,1
GO-919,Legacy,b,3
WR-869,Legacy,b,2
UY-273,Sorento,c,3
MN-189,Passat,b,3
HG-038,Sorento,c,3
EE-961,Aygo,a,3
VQ-078,Land Cruiser,c,3
DL-397,Legacy,b,3
MH-400,Land Cruiser,c,3
JL-033,Legacy,b,2
KJ-355,Golf,a,2
FE-172,Range Rover,c,2
ME-821,Yaris,a,1
DX-783,Aygo,a,1
CX-260,Range Rover,c,1
CY-610,Aygo,a,1
LI-804,Range Rover,c,2
VZ-344,Passat,b,1
GZ-397,Sorento,c,1
EK-729,Legacy,b,2
VM-376,Aygo,a,2
QA-076,Legacy,b,2
MK-364,Yaris,a,3
AL-533,Aygo,a,3
WB-100,Legacy,b,2
DD-637,Yaris,a,2
PN-766,Corolla,b,2
WE-674,Corolla,b,1
IN-444,Aygo,a,3
FA-324,Aygo,a,2
EX-813,Golf,a,2
XS-421,Sorento,c,3
XQ-538,Passat,b,3
SR-875,Range Rover,c,1
GW-794,Land Cruiser,c,2
EZ-833,Range Rover,c,3
IW-555,Range Rover,c,3
IQ-529,Aygo,a,3
VA-913,Corolla,b,1
CA-948,Range Rover,c,2
YZ-088,Corolla,b,2
BT-717,Passat,b,2
MC-133,Corolla,b,2
ZW-581,Land Cruiser,c,2
MO-940,Yaris,a,1
IT-924,Passat,b,1
PW-259,Range Rover,c,1
RD-266,Range Rover,c,3
LV-888,Aygo,a,3
EQ-259,Corolla,b,3
QW-080,Yaris,a,1
WO-281,Legacy,b,3
TP-849,Range Rover,c,3
JL-470,Golf,a,3
HS-555,Aygo,a,2
KD-270,Sorento,c,1
BU-313,Sorento,c,2
UF-411,Aygo,a,1
WQ-891,Aygo,a,3
MU-677,Land Cruiser,c,2
AL-482,Range Rover,c,2
II-371,Passat,b,2
HU-006,Range Rover,c,3
BA-762,Yaris,a,1
LS-230,Land Cruiser,c,3
FZ-452,Aygo,a,1
JO-268,Land Cruiser,c,3
KV-321,Legacy,b,1
TI-859,Corolla,b,1
WN-003,Legacy,b,3
JD-584,Land Cruiser,c,1
XM-399,Range Rover,c,3
EL-205,Corolla,b,2
BM-153,Golf,a,2
JP-000,Aygo,a,2
VX-361,Range Rover,c,1
DY-666,Legacy,b,2
VK-727,Passat,b,3
QI-334,Yaris,a,1
VI-658,Passat,b,1
NV-995,Aygo,a,2
PN-663,Golf,a,2
UW-240,Legacy,b,2
BY-749,Yaris,a,1
JW-249,Yaris,a,1
BK-361,Corolla,b,3
OS-303,Corolla,b,3
DY-433,Land Cruiser,c,1
SL-847,Legacy,b,3
QY-523,Sorento,c,2
EC-845,Sorento,c,3
UD-110,Corolla,b,2
AH-788,Passat,b,2
ZE-137,Range Rover,c,1
DG-028,Golf,a,3
YI-246,Passat,b,3
GY-735,Legacy,b,2
VR-432,Yaris,a,1
UN-247,Yaris,a,2
KG-549,Land Cruiser,c,2
WQ-039,Land Cruiser,c,1
PD-837,Golf,a,3
KJ-968,Land Cruiser,c,3
SW-522,Range Rover,c,2
HV-743,Yaris,a,2
MG-505,Passat,b,3
SF-542,Range Rover,c,2
AN-820,Passat,b,2
HV-869,Sorento,c,3
UR-237,Golf,a,3
EZ-938,Aygo,a,2
SS-223,Land Cruiser,c,1
CZ-827,Corolla,b,3
YB-084,Legacy,b,2
NV-039,Land Cruiser,c,1
UL-513,Corolla,b,2
AX-483,Range Rover,c,3
SY-521,Corolla,b,2
YT-156,Corolla,b,1
GV-787,Legacy,b,3
WN-781,Corolla,b,2
XR-675,Land Cruiser,c,2
OX-024,Aygo,a,3
GI-635,Land Cruiser,c,2
FM-971,Passat,b,1
DO-613,Sorento,c,3
PN-911,Land Cruiser,c,3
RJ-605,Legacy,b,3
SY-417,Corolla,b,3
IS-103,Legacy,b,3
DM-847,Sorento,c,3
SC-950,Legacy,b,3
DE-734,Yaris,a,2
MF-227,Yaris,a,1
IF-790,Corolla,b,2
XA-388,Aygo,a,1
ZR-966,Sorento,c,2
UI-063,Golf,a,2
FF-540,Aygo,a,2
QI-513,Legacy,b,2
DD-956,Aygo,a,1
UV-652,Corolla,b,3
DH-318,Yaris,a,2
JH-877,Passat,b,3
UD-415,Legacy,b,3
BV-137,Aygo,a,3
EW-499,Golf,a,2
YC-815,Legacy,b,2
IA-485,Land Cruiser,c,3
TL-282,Aygo,a,2
BV-958,Corolla,b,2
RZ-687,Corolla,b,3
QR-067,Sorento,c,2
LP-241,Golf,a,3
QB-462,Yaris,a,2
KA-078,Aygo,a,1
VS-281,Range Rover,c,1
GY-663,Land Cruiser,c,1
ZN-084,Yaris,a,2
NL-466,Yaris,a,1
UF-058,Passat,b,3
GX-040,Passat,b,1
QS-895,Passat,b,2
KA-336,Passat,b,1
ZC-715,Legacy,b,2
PG-186,Yaris,a,3
WG-917,Corolla,b,1
ZC-652,Sorento,c,3
RE-021,Sorento,c,1
HD-286,Golf,a,3
KG-625,Yaris,a,3
IB-964,Land Cruiser,c,3
AR-313,Corolla,b,3
ZY-552,Golf,a,3
LQ-669,Aygo,a,3
RD-435,Range Rover,c,2
HW-400,Aygo,a,3
SN-364,Sorento,c,3
FS-934,Corolla,b,2
WJ-782,Passat,b,3
HY-227,Aygo,a,3
ZN-186,Passat,b,1
HB-003,Passat,b,1
QD-745,Aygo,a,1
AL-855,Corolla,b,3
HR-531,Corolla,b,2
IX-550,Sorento,c,1
VX-105,Legacy,b,2
LY-127,Golf,a,3
TZ-297,Range Rover,c,2
ZR-598,Yaris,a,2
KU-170,Range Rover,c,1
BD-928,Sorento,c,2
KG-461,Range Rover,c,2
YN-114,Passat,b,2
PJ-807,Corolla,b,3
WR-982,Sorento,c,3
UN-032,Land Cruiser,c,3
JA-266,Legacy,b,1
LT-552,Corolla,b,1
HA-941,Land Cruiser,c,2
LI-154,Legacy,b,1
MJ-896,Aygo,a,1
VH-101,Yaris,a,3
BV-207,Range Rover,c,3
BV-492,Legacy,b,3
AV-546,Golf,a,2
BK-628,Yaris,a,1
HE-417,Land Cruiser,c,2
XQ-244,Range Rover,c,2
DF-671,Corolla,b,1
CC-342,Land Cruiser,c,1
CO-417,Sorento,c,3
CG-506,Aygo,a,3
UD-687,Land Cruiser,c,2
VD-468,Aygo,a,1
TB-902,Legacy,b,2
AI-438,Corolla,b,2
CI-439,Range Rover,c,1
RD-169,Land Cruiser,c,3
QT-157,Sorento,c,1
SZ-610,Land Cruiser,c,1
QK-776,Corolla,b,3
VD-551,Yaris,a,3
YB-161,Corolla,b,3
WN-300,Range Rover,c,1
KK-672,Legacy,b,2
RQ-866,Yaris,a,2
IS-905,Sorento,c,3
UN-717,Sorento,c,3
BK-367,Range Rover,c,2
DU-472,Range Rover,c,3
CB-263,Legacy,b,1
YK-449,Land Cruiser,c,3
XT-975,Corolla,b,3
UF-889,Legacy,b,2
LN-453,Passat,b,2
IA-627,Corolla,b,2
PD-629,Land Cruiser,c,2
ZA-905,Legacy,b,3
FS-373,Aygo,a,2
HH-165,Passat,b,1
LU-997,Golf,a,2
IB-929,Range Rover,c,1
YW-081,Land Cruiser,c,1
YU-275,Corolla,b,2
RZ-182,Passat,b,3
EG-717,Corolla,b,2
EY-254,Corolla,b,3
JJ-991,Yaris,a,3
BC-548,Sorento,c,1
TV-925,Range Rover,c,2
BI-708,Sorento,c,2
UO-872,Yaris,a,3
PP-721,Aygo,a,2
IN-495,Aygo,a,2
ZR-584,Corolla,b,2
TK-038,Corolla,b,2
NP-177,Legacy,b,2
OX-004,Range Rover,c,2
VX-102,Yaris,a,2
UV-890,Land Cruiser,c,3
PO-184,Yaris,a,2
BH-674,Aygo,a,2
NE-530,Aygo,a,3
WK-337,Golf,a,1
QZ-141,Aygo,a,1
AF-876,Sorento,c,1
BI-727,Legacy,b,1
TU-187,Sorento,c,1
KM-546,Yaris,a,3
QV-666,Yaris,a,1
LV-020,Range Rover,c,2
GE-454,Legacy,b,1
PY-275,Passat,b,2
JV-234,Yaris,a,1
FQ-814,Sorento,c,1
TV-847,Land Cruiser,c,3
VB-011,Sorento,c,1
ZC-628,Passat,b,1
VJ-940,Sorento,c,2
YW-479,Aygo,a,2
RW-855,Sorento,c,3
TI-277,Range Rover,c,1
PU-694,Passat,b,3
CF-984,Range Rover,c,3
YN-827,Range Rover,c,1
DR-197,Legacy,b,1
XE-524,Sorento,c,2
RO-242,Range Rover,c,3
TI-814,Corolla,b,3
IF-014,Land Cruiser,c,3
WT-726,Range Rover,c,3
HM-031,Range Rover,c,3
FQ-837,Corolla,b,1
BS-216,Yaris,a,3
GD-267,Passat,b,1
WG-172,Corolla,b,2
CL-087,Yaris,a,1
YG-237,Corolla,b,1
CE-605,Corolla,b,1
PZ-393,Passat,b,2
KJ-047,Golf,a,1
HC-277,Range Rover,c,3
IC-409,Legacy,b,2
GW-085,Passat,b,1
XE-116,Range Rover,c,2
KN-012,Sorento,c,3
CH-750,Aygo,a,2
MN-995,Range Rover,c,1
PU-082,Passat,b,1
MM-173,Aygo,a,1
MJ-769,Passat,b,2
AA-983,Golf,a,3
VX-726,Corolla,b,1
AV-802,Legacy,b,2
WZ-348,Aygo,a,3
KE-435,Aygo,a,3
NV-870,Range Rover,c,2
XL-489,Passat,b,2
XX-573,Passat,b,3
LX-020,Golf,a,3
ZR-075,Corolla,b,2
QC-534,Aygo,a,1
LH-605,Legacy,b,3
VR-155,Legacy,b,3
DI-411,Yaris,a,1
OI-411,Yaris,a,1
HC-690,Legacy,b,2
DB-841,Golf,a,1
CP-920,Yaris,a,1
YS-758,Legacy,b,1
GU-692,Legacy,b,1
LK-934,Corolla,b,1
QN-479,Golf,a,1
VY-110,Legacy,b,3
PF-521,Sorento,c,3
ND-019,Yaris,a,2
YV-948,Range Rover,c,2
AO-230,Golf,a,3
DN-940,Golf,a,1
WQ-852,Range Rover,c,3
JV-627,Range Rover,c,2
RN-061,Legacy,b,2
RB-294,Range Rover,c,3
HH-837,Legacy,b,3
CZ-374,Sorento,c,2
DP-811,Passat,b,1
UC-593,Yaris,a,2
MZ-114,Sorento,c,1
QI-212,Golf,a,1
VK-533,Range Rover,c,3
AS-555,Range Rover,c,3
LA-048,Corolla,b,3
ZE-994,Golf,a,3
DY-529,Passat,b,1
IA-102,Land Cruiser,c,1
YX-944,Corolla,b,3
ST-552,Corolla,b,2
RJ-600,Yaris,a,2
KY-404,Land Cruiser,c,2
XP-912,Range Rover,c,3
CK-091,Yaris,a,2
AN-829,Land Cruiser,c,3
ID-980,Corolla,b,1
NH-627,Passat,b,3
CE-580,Yaris,a,2
HB-182,Range Rover,c,3
AV-266,Sorento,c,1
YQ-396,Passat,b,1
CE-269,Corolla,b,1
QJ-726,Corolla,b,1
OW-024,Range Rover,c,3
OY-176,Sorento,c,2
TA-012,Sorento,c,2
PG-303,Yaris,a,2
YD-934,Land Cruiser,c,2
WQ-541,Aygo,a,1
KL-492,Yaris,a,2
IA-732,Land Cruiser,c,1
CY-180,Passat,b,2
FC-825,Range Rover,c,2
JS-409,Legacy,b,1
FU-117,Land Cruiser,c,2
AK-246,Legacy,b,3
EF-901,Golf,a,3
TF-098,Yaris,a,1
GQ-330,Aygo,a,3
NZ-716,Sorento,c,1
EI-534,Corolla,b,2
LU-827,Sorento,c,2
EZ-077,Land Cruiser,c,1
SR-976,Golf,a,3
RB-915,Sorento,c,3
ME-131,Passat,b,1
EK-677,Passat,b,1
SQ-435,Passat,b,2
ZA-600,Legacy,b,3
XA-050,Legacy,b,2
LQ-917,Legacy,b,2
PW-671,Yaris,a,3
WQ-880,Legacy,b,1
SF-875,Passat,b,1
VT-114,Sorento,c,2
JC-867,Legacy,b,2
DY-400,Golf,a,2
MH-819,Legacy,b,3
NS-733,Yaris,a,3
MI-882,Sorento,c,2
IR-512,Sorento,c,1
BF-280,Yaris,a,2
PS-544,Sorento,c,1
VZ-883,Aygo,a,2
RE-279,Golf,a,3
PQ-933,Legacy,b,3
OB-333,Land Cruiser,c,3
JZ-901,Legacy,b,2
EE-312,Golf,a,2
XK-706,Land Cruiser,c,2
NG-840,Golf,a,3
GG-411,Passat,b,2
UD-939,Sorento,c,1
WF-440,Corolla,b,2
JI-330,Land Cruiser,c,1
ZD-676,Corolla,b,2
UM-513,Land Cruiser,c,3
KH-192,Aygo,a,1
KJ-833,Range Rover,c,2
IK-545,Corolla,b,1
KE-495,Sorento,c,3
RB-887,Golf,a,2
MD-317,Land Cruiser,c,3
BW-069,Passat,b,1
UZ-557,Sorento,c,1
MJ-280,Yaris,a,3
BM-940,Land Cruiser,c,3
DC-955,Legacy,b,2
AK-414,Golf,a,3
EB-478,Passat,b,1
AM-692,Sorento,c,1
HJ-891,Yaris,a,3
QI-781,Range Rover,c,1
NS-985,Sorento,c,3
BT-637,Range Rover,c,2
SX-304,Aygo,a,1
JJ-810,Corolla,b,1
JB-713,Legacy,b,3
NH-717,Yaris,a,3
ZH-522,Aygo,a,1
KC-867,Range Rover,c,2
PF-003,Aygo,a,3
MT-169,Sorento,c,2
LA-686,Golf,a,1
LA-270,Corolla,b,2
LO-278,Aygo,a,3
EC-772,Sorento,c,2
OM-599,Land Cruiser,c,1
RB-411,Aygo,a,2
YS-491,Golf,a,3
ZI-953,Land Cruiser,c,2
NI-445,Golf,a,2
FX-298,Aygo,a,1
JD-965,Range Rover,c,1
HV-403,Legacy,b,3
OY-393,Aygo,a,2
OG-624,Corolla,b,2
ZQ-488,Yaris,a,1
IE-971,Legacy,b,3
HS-402,Passat,b,3
SP-450,Range Rover,c,2
BV-971,Legacy,b,3
RZ-650,Yaris,a,1
YN-726,Range Rover,c,1
PN-944,Land Cruiser,c,2
OX-307,Yaris,a,2
VO-958,Land Cruiser,c,1
SX-002,Passat,b,1
ST-817,Golf,a,2
PX-364,Aygo,a,3
QV-060,Corolla,b,1
CJ-866,Corolla,b,2
GC-612,Land Cruiser,c,2
DW-206,Sorento,c,2
KQ-990,Yaris,a,1
RS-365,Land Cruiser,c,2
EX-400,Yaris,a,3
HX-135,Range Rover,c,2
JD-807,Land Cruiser,c,3
HS-188,Legacy,b,1
UG-821,Passat,b,2
RS-840,Yaris,a,3
RD-883,Legacy,b,2
ID-270,Yaris,a,2
XX-497,Sorento,c,3
DN-678,Yaris,a,3
AB-017,Legacy,b,2
HW-982,Sorento,c,2
IR-689,Golf,a,3
GS-809,Land Cruiser,c,1
VJ-811,Passat,b,1
CH-610,Passat,b,1
UJ-448,Range Rover,c,1
DU-380,Legacy,b,1
TH-308,Yaris,a,2
JA-119,Passat,b,2
JH-254,Range Rover,c,2
NY-394,Yaris,a,3
AV-395,Corolla,b,3
UY-254,Golf,a,1
IK-002,Land Cruiser,c,2
UQ-465,Yaris,a,3
ES-324,Land Cruiser,c,3
HH-702,Legacy,b,2
LN-394,Golf,a,1
DU-358,Aygo,a,2
ZO-968,Yaris,a,1
SK-511,Aygo,a,3
TR-097,Golf,a,2
JW-213,Aygo,a,3
UY-856,Golf,a,2
UT-632,Legacy,b,2
BM-743,Yaris,a,3
EW-868,Sorento,c,3
LP-008,Land Cruiser,c,2
YI-609,Legacy,b,1
RA-734,Legacy,b,1
FP-300,Corolla,b,3
UW-412,Passat,b,3
VU-906,Golf,a,1
EH-568,Land Cruiser,c,2
QP-671,Aygo,a,1
YJ-997,Legacy,b,2
KH-664,Corolla,b,2
XO-795,Golf,a,2
QA-720,Legacy,b,2
ZR-114,Aygo,a,1
MB-189,Range Rover,c,1
AL-887,Yaris,a,2
EP-580,Golf,a,3
MR-885,Aygo,a,2
OT-786,Legacy,b,1
EZ-830,Aygo,a,3
CA-078,Passat,b,3
ZA-409,Land Cruiser,c,3
BY-233,Land Cruiser,c,1
DH-078,Corolla,b,2
PE-773,Sorento,c,1
CT-554,Legacy,b,1
OA-728,Golf,a,2
UG-987,Yaris,a,2
EW-156,Range Rover,c,3
GY-891,Golf,a,3
DW-658,Aygo,a,3
NB-314,Passat,b,3
VI-714,Range Rover,c,1
BS-534,Corolla,b,1
TC-414,Passat,b,3
QZ-988,Range Rover,c,1
FP-413,Legacy,b,2
MR-975,Corolla,b,2
FY-174,Golf,a,2
OX-274,Range Rover,c,3
RE-761,Aygo,a,2
NG-225,Land Cruiser,c,1
SA-699,Sorento,c,2
HN-466,Yaris,a,1
XM-377,Legacy,b,2
LN-676,Yaris,a,2
FU-927,Sorento,c,1
TE-475,Legacy,b,2
EL-613,Yaris,a,2
BH-605,Sorento,c,2
CP-679,Legacy,b,1
PP-396,Range Rover,c,2
FO-924,Sorento,c,1
BG-720,Legacy,b,1
GA-635,Aygo,a,3
PA-538,Sorento,c,1
SZ-029,Passat,b,2
SN-608,Yaris,a,2
CS-066,Legacy,b,1
BC-017,Land Cruiser,c,2
CJ-891,Yaris,a,3
LI-997,Yaris,a,1
MA-674,Aygo,a,3
DR-626,Land Cruiser,c,2
AE-693,Aygo,a,1
PU-817,Range Rover,c,2
GB-402,Yaris,a,1
CG-562,Range Rover,c,2
MF-554,Corolla,b,3
BU-786,Golf,a,2
EZ-961,Sorento,c,1
DN-895,Range Rover,c,2
BU-666,Range Rover,c,3
BP-503,Aygo,a,2
VH-293,Aygo,a,3
GS-643,Golf,a,2
TG-064,Golf,a,2
KT-352,Golf,a,1
FC-199,Legacy,b,2
IO-088,Land Cruiser,c,2
IJ-232,Sorento,c,1
IY-764,Aygo,a,1
UI-219,Golf,a,1
EU-678,Golf,a,2
NW-357,Aygo,a,2
CC-462,Sorento,c,3
CI-580,Corolla,b,1
ZG-188,Legacy,b,1
TE-056,Yaris,a,2
NH-206,Sorento,c,2
RW-417,Legacy,b,1
ZZ-026,Aygo,a,2
JV-176,Corolla,b,3
IL-881,Yaris,a,3
SA-224,Sorento,c,1
WH-052,Corolla,b,1
VE-808,Land Cruiser,c,1
TQ-361,Yaris,a,3
MJ-628,Range Rover,c,1
DW-234,Sorento,c,1
DE-434,Corolla,b,3
YQ-805,Corolla,b,1
VP-856,Corolla,b,1
SB-546,Legacy,b,1
XQ-302,Land Cruiser,c,1
AE-166,Land Cruiser,c,3
BN-098,Land Cruiser,c,1
VD-430,Sorento,c,3
HM-991,Passat,b,2
WG-745,Golf,a,2
JT-405,Land Cruiser,c,2
TO-717,Range Rover,c,3
HS-759,Land Cruiser,c,1
IX-138,Land Cruiser,c,3
TJ-676,Aygo,a,2
IX-894,Corolla,b,2
NT-559,Legacy,b,3
KN-576,Sorento,c,1
LL-557,Sorento,c,3
GJ-224,Legacy,b,3
ME-386,Passat,b,3
GG-880,Passat,b,1
DO-808,Sorento,c,3
ZY-900,Sorento,c,3
SW-700,Passat,b,1
XZ-007,Land Cruiser,c,2
HS-997,Range Rover,c,1
IL-958,Legacy,b,2
RC-757,Sorento,c,1
PY-341,Aygo,a,1
UZ-380,Corolla,b,1
HD-307,Sorento,c,2
FF-993,Aygo,a,1
MN-338,Aygo,a,3
VU-203,Land Cruiser,c,2
YO-806,Range Rover,c,2
YT-456,Yaris,a,1
WM-535,Yaris,a,3
IY-941,Aygo,a,1
UM-263,Aygo,a,2
MU-980,Range Rover,c,3
KA-856,Corolla,b,1
UQ-678,Range Rover,c,1
LW-056,Sorento,c,1
GU-462,Corolla,b,1
SL-008,Sorento,c,1
EM-879,Sorento,c,2
DL-141,Land Cruiser,c,2
NC-197,Corolla,b,3
FW-223,Legacy,b,1
OV-276,Land Cruiser,c,1
YJ-747,Range Rover,c,1
JX-193,Yaris,a,3
CT-386,Sorento,c,2
SJ-516,Golf,a,2
BF-386,Sorento,c,3
CA-880,Yaris,a,3
DW-944,Aygo,a,1
UR-473,Sorento,c,2
NR-390,Aygo,a,1
QG-959,Land Cruiser,c,1
CO-229,Aygo,a,3
AW-222,Passat,b,2
NE-612,Legacy,b,1
AV-991,Range Rover,c,2
KW-436,Passat,b,3
ZC-520,Aygo,a,1
DJ-946,Sorento,c,1
FF-610,Sorento,c,1
DK-144,Land Cruiser,c,2
CF-985,Sorento,c,3
KX-231,Passat,b,1
FX-533,Aygo,a,1
CG-020,Land Cruiser,c,1
BL-220,Sorento,c,1
GC-251,Sorento,c,3
HN-861,Land Cruiser,c,2
VB-532,Range Rover,c,3
WN-228,Golf,a,3
OS-952,Yaris,a,2
CQ-275,Sorento,c,1
ZO-209,Legacy,b,3
BY-835,Land Cruiser,c,2
WZ-120,Passat,b,1
YV-818,Legacy,b,3
MO-487,Land Cruiser,c,1
UJ-163,Aygo,a,3
MA-104,Sorento,c,3
KS-966,Legacy,b,2
LS-251,Legacy,b,1
RV-571,Legacy,b,3
NP-250,Sorento,c,3
ZX-318,Land Cruiser,c,1
RJ-127,Legacy,b,1
VK-127,Legacy,b,3
AK-147,Corolla,b,2
DO-246,Land Cruiser,c,1
VN-915,Sorento,c,1
FE-689,Golf,a,1
LR-485,Golf,a,1
ZR-418,Legacy,b,1
VI-485,Yaris,a,3
DB-017,Range Rover,c,3
PP-115,Aygo,a,2
TP-250,Sorento,c,2
PR-119,Aygo,a,1
EL-891,Passat,b,3
SC-179,Land Cruiser,c,1
BX-588,Passat,b,3
UK-539,Aygo,a,3
HW-653,Sorento,c,1
QY-652,Yaris,a,1
LG-384,Yaris,a,1
WY-309,Land Cruiser,c,3
NX-451,Passat,b,2
FH-628,Range Rover,c,1
RC-560,Aygo,a,3
AQ-551,Range Rover,c,3
PZ-265,Aygo,a,2
QY-896,Land Cruiser,c,3
KG-002,Yaris,a,3
CW-421,Sorento,c,1
DR-229,Aygo,a,1
NZ-833,Golf,a,3
LZ-099,Corolla,b,1
FE-402,Yaris,a,3
WD-979,Sorento,c,1
DN-251,Range Rover,c,1
VX-712,Legacy,b,2
IE-777,Aygo,a,3
PD-309,Sorento,c,3
GO-072,Corolla,b,3
PC-196,Aygo,a,3
FQ-891,Passat,b,2
QB-461,Range Rover,c,2
QH-106,Aygo,a,3
WH-759,Land Cruiser,c,3
WU-250,Legacy,b,3
GK-056,Sorento,c,2
LR-486,Golf,a,2
WQ-268,Aygo,a,1
UI-733,Corolla,b,1
WK-950,Corolla,b,3
LN-665,Corolla,b,2
EK-428,Corolla,b,2
MU-337,Corolla,b,2
KU-401,Golf,a,1
KJ-906,Sorento,c,1
VL-675,Legacy,b,2
VT-509,Yaris,a,3
YO-317,Yaris,a,1
UN-734,Range Rover,c,3
BY-059,Land Cruiser,c,3
RE-795,Corolla,b,1
QK-116,Sorento,c,3
NU-116,Sorento,c,1
YK-290,Land Cruiser,c,3
US-298,Sorento,c,2
HJ-743,Passat,b,2
LA-395,Aygo,a,2
WK-765,Yaris,a,3
VJ-957,Passat,b,1
RG-137,Aygo,a,3
GC-867,Sorento,c,2
CE-443,Yaris,a,2
TQ-807,Aygo,a,2
GS-501,Passat,b,2
BM-275,Legacy,b,1
FR-202,Land Cruiser,c,2
MO-608,Aygo,a,1
XS-569,Corolla,b,2
SC-352,Golf,a,3
YD-520,Sorento,c,2
VQ-845,Legacy,b,3
QC-675,Range Rover,c,1
MC-096,Corolla,b,3
RX-834,Legacy,b,1
LH-816,Legacy,b,2
MN-930,Range Rover,c,1
CY-281,Land Cruiser,c,3
XF-607,Range Rover,c,1
MH-374,Aygo,a,1
GS-338,Legacy,b,3
RF-368,Range Rover,c,1
YB-145,Land Cruiser,c,3
QN-987,Legacy,b,2
CL-784,Legacy,b,3
MS-406,Range Rover,c,1
EP-632,Land Cruiser,c,1
XE-545,Range Rover,c,1
NA-932,Land Cruiser,c,2
DA-947,Golf,a,2
UN-180,Legacy,b,2
CP-687,Land Cruiser,c,2
WA-289,Aygo,a,3
MF-559,Golf,a,1
IU-930,Golf,a,3
QG-436,Range Rover,c,3
EE-303,Range Rover,c,3
BL-810,Passat,b,3
NK-464,Yaris,a,1
ZQ-411,Yaris,a,3
XH-553,Range Rover,c,3
BN-658,Yaris,a,3
PX-874,Range Rover,c,3
HW-210,Passat,b,2
UW-591,Legacy,b,2
KA-034,Golf,a,1
RV-342,Yaris,a,2
GQ-394,Aygo,a,1
VB-295,Corolla,b,1
IK-363,Sorento,c,3
SW-980,Land Cruiser,c,2
ZV-950,Yaris,a,1
BI-846,Legacy,b,1
IN-859,Yaris,a,2
BI-425,Legacy,b,2
IQ-125,Land Cruiser,c,2
AY-592,Aygo,a,1
KO-189,Aygo,a,3
YS-322,Land Cruiser,c,1
LS-531,Yaris,a,3
PQ-794,Sorento,c,3
QK-371,Passat,b,2
GB-874,Sorento,c,2
BQ-805,Golf,a,1
TK-766,Range Rover,c,2
CR-030,Legacy,b,2
NW-142,Corolla,b,1
ZF-307,Aygo,a,1
YM-748,Golf,a,2
TM-508,Corolla,b,1
AV-234,Golf,a,2
SH-555,Passat,b,3
CA-155,Passat,b,3
LC-460,Legacy,b,3
PX-228,Passat,b,1
PI-260,Golf,a,2
YA-252,Legacy,b,3
ZA-978,Corolla,b,2
FF-300,Aygo,a,3
TS-622,Yaris,a,3
VO-575,Aygo,a,2
LK-417,Range Rover,c,3
RS-520,Aygo,a,1
GT-856,Sorento,c,2
CS-649,Golf,a,3
UQ-134,Aygo,a,3
IO-249,Golf,a,2
HH-421,Land Cruiser,c,1
UJ-111,Aygo,a,1
RM-556,Passat,b,1
QY-954,Aygo,a,1
CY-006,Corolla,b,3
SU-337,Sorento,c,2
IS-072,Corolla,b,3
DQ-986,Sorento,c,3
IL-902,Golf,a,1
EX-483,Aygo,a,3
PF-996,Aygo,a,2
FY-123,Aygo,a,1
KA-481,Yaris,a,2
YN-535,Sorento,c,2
BM-515,Legacy,b,2
SE-903,Aygo,a,1
LK-986,Aygo,a,2
SA-386,Land Cruiser,c,2
TL-014,Aygo,a,2
BO-719,Passat,b,1
JW-849,Land Cruiser,c,1
EZ-830,Yaris,a,3
MA-746,Legacy,b,3
KU-088,Land Cruiser,c,1
CY-384,Sorento,c,2
MO-949,Golf,a,2
NG-801,Aygo,a,2
ZZ-152,Legacy,b,1
NV-638,Sorento,c,1
PI-167,Corolla,b,3
JC-938,Sorento,c,3
RV-523,Passat,b,2
EK-968,Aygo,a,2
PV-821,Land Cruiser,c,1
XQ-987,Passat,b,2
NQ-504,Corolla,b,3
RH-191,Passat,b,3
UC-276,Range Rover,c,3
YT-987,Range Rover,c,3
WZ-378,Yaris,a,1
QP-944,Yaris,a,3
PQ-368,Passat,b,2
LH-454,Golf,a,2
GY-160,Range Rover,c,3
ZG-787,Golf,a,2
DP-729,Yaris,a,2
XK-744,Sorento,c,2
WQ-547,Passat,b,2
NA-739,Passat,b,2
PB-054,Range Rover,c,2
AB-767,Golf,a,3
RI-564,Corolla,b,3
EU-358,Yaris,a,1
CH-893,Aygo,a,2
QB-587,Golf,a,2
PY-688,Yaris,a,1
WI-489,Corolla,b,3
NJ-850,Legacy,b,1
AS-299,Legacy,b,3
HP-099,Range Rover,c,2
IO-207,Range Rover,c,3
NY-545,Land Cruiser,c,2
FF-899,Corolla,b,2
TP-272,Passat,b,2
CV-823,Passat,b,1
RB-007,Sorento,c,3
WH-433,Sorento,c,2
KJ-400,Yaris,a,1
QS-800,Aygo,a,1
KX-975,Golf,a,1
CR-451,Sorento,c,2
OM-657,Corolla,b,2
ET-455,Corolla,b,1
RQ-260,Sorento,c,1
XC-264,Legacy,b,1
YJ-093,Golf,a,3
DB-033,Golf,a,2
YT-347,Corolla,b,3
WS-198,Corolla,b,3
NR-027,Legacy,b,1
FG-826,Yaris,a,3
YD-592,Passat,b,3
PX-440,Golf,a,2
XP-624,Legacy,b,3
TZ-761,Golf,a,3
EP-730,Corolla,b,3
DR-064,Land Cruiser,c,1
BR-454,Aygo,a,2
HV-437,Legacy,b,2
QO-481,Sorento,c,1
TA-117,Sorento,c,3
RJ-885,Legacy,b,1
WS-072,Legacy,b,1
UT-322,Legacy,b,2
GR-819,Range Rover,c,3
QN-403,Golf,a,1
ZE-962,Sorento,c,3
CW-230,Range Rover,c,2
DM-899,Aygo,a,1
KP-511,Aygo,a,1
KU-637,Land Cruiser,c,2
WT-423,Land Cruiser,c,1
QI-668,Range Rover,c,1
MD-617,Passat,b,2
EI-549,Passat,b,2
HL-966,Legacy,b,3
WA-930,Yaris,a,2
HS-085,Land Cruiser,c,2
RO-430,Range Rover,c,3
LF-756,Land Cruiser,c,2
WE-375,Golf,a,1
EW-059,Legacy,b,1
YW-090,Sorento,c,1
IB-416,Range Rover,c,2
II-160,Yaris,a,3
EA-456,Sorento,c,3
ID-804,Aygo,a,3
XF-469,Aygo,a,2
ST-681,Land Cruiser,c,2
CZ-248,Legacy,b,3
JB-795,Sorento,c,2
HR-808,Corolla,b,3
DU-367,Yaris,a,1
BT-433,Yaris,a,2
GV-751,Yaris,a,2
FI-978,Land Cruiser,c,1
AC-631,Yaris,a,1
SZ-954,Golf,a,3
RP-406,Yaris,a,2
CT-070,Land Cruiser,c,3
KX-830,Sorento,c,2
HI-070,Passat,b,3
QB-470,Yaris,a,3
TC-847,Range Rover,c,3
DM-157,Yaris,a,3
WN-459,Golf,a,2
CO-013,Passat,b,3
SP-064,Land Cruiser,c,3
VL-436,Golf,a,2
CH-956,Range Rover,c,1
FS-862,Land Cruiser,c,3
ZA-396,Land Cruiser,c,1
VL-745,Corolla,b,2
HP-262,Sorento,c,3
DV-381,Aygo,a,2
EV-358,Yaris,a,3
UW-918,Corolla,b,2
MJ-908,Range Rover,c,1
PL-514,Corolla,b,3
VH-425,Legacy,b,2
NP-366,Aygo,a,1
QZ-426,Sorento,c,2
GL-093,Range Rover,c,2
KP-259,Aygo,a,3
ZS-537,Corolla,b,3
WY-352,Legacy,b,3
MZ-914,Land Cruiser,c,3
NQ-395,Land Cruiser,c,2
IL-198,Range Rover,c,2
GF-515,Legacy,b,3
CV-132,Range Rover,c,2
SK-430,Aygo,a,3
YJ-156,Sorento,c,2
NB-278,Golf,a,1
FN-724,Aygo,a,2
TM-960,Yaris,a,3
EL-175,Range Rover,c,1
HU-771,Legacy,b,3
LK-371,Aygo,a,1
SH-779,Golf,a,1
JT-872,Legacy,b,3
CU-606,Yaris,a,2
XC-781,Corolla,b,2
YJ-593,Corolla,b,1
BH-874,Land Cruiser,c,1
XU-068,Sorento,c,3
NJ-012,Sorento,c,2
JA-594,Sorento,c,2
NK-733,Legacy,b,2
PV-150,Aygo,a,2
FM-973,Passat,b,3
BT-516,Passat,b,1
LO-444,Yaris,a,1
YM-953,Yaris,a,3
VE-769,Golf,a,1
OL-120,Corolla,b,3
PZ-828,Legacy,b,2
PS-378,Land Cruiser,c,2
CZ-091,Golf,a,1
US-532,Legacy,b,1
BT-531,Sorento,c,3
HF-667,Sorento,c,1
RS-388,Legacy,b,1
QS-092,Golf,a,1
ZR-325,Passat,b,1
OK-104,Sorento,c,2
NN-480,Legacy,b,2
GV-998,Range Rover,c,3
FL-778,Yaris,a,1
MP-794,Yaris,a,1
WQ-206,Golf,a,1
FR-483,Aygo,a,2
QO-245,Land Cruiser,c,1
CA-760,Range Rover,c,2
QI-928,Golf,a,1
OP-359,Land Cruiser,c,2
CY-855,Land Cruiser,c,3
WW-026,Yaris,a,1
WD-517,Land Cruiser,c,1
VR-791,Corolla,b,1
BF-035,Land Cruiser,c,2
IE-880,Passat,b,3
LE-639,Legacy,b,3
NT-509,Range Rover,c,2
LA-462,Legacy,b,3
QU-760,Golf,a,3
AB-083,Corolla,b,3
YZ-134,Land Cruiser,c,2
DN-306,Sorento,c,3
YX-283,Passat,b,3
JW-572,Yaris,a,1
SQ-761,Yaris,a,2
FF-202,Range Rover,c,2
DA-344,Corolla,b,3
XP-889,Golf,a,1
OO-251,Legacy,b,3
PT-298,Aygo,a,3
VL-310,Legacy,b,1
XC-595,Corolla,b,2
LS-440,Passat,b,2
DE-822,Yaris,a,2
GD-612,Passat,b,2
TZ-655,Golf,a,2
ID-803,Legacy,b,1
JC-493,Land Cruiser,c,3
QW-050,Sorento,c,2
TB-167,Aygo,a,2
PZ-635,Golf,a,1
LU-352,Sorento,c,3
LF-975,Corolla,b,2
TY-298,Legacy,b,3
RW-556,Golf,a,1
SB-269,Sorento,c,1
WN-150,Aygo,a,2
FH-974,Golf,a,3
PU-967,Sorento,c,2
SU-769,Passat,b,3
JJ-344,Legacy,b,2
JH-513,Sorento,c,3
OM-240,Passat,b,2
MI-836,Aygo,a,1
GY-405,Legacy,b,1
MV-640,Sorento,c,3
NY-990,Yaris,a,2
BD-856,Corolla,b,2
JP-235,Yaris,a,2
PG-310,Range Rover,c,2
TX-887,Corolla,b,1
TG-939,Golf,a,2
YT-641,Passat,b,2
XZ-561,Aygo,a,2
PI-033,Land Cruiser,c,1
NN-918,Land Cruiser,c,1
TG-536,Passat,b,3
DC-863,Golf,a,3
KS-104,Sorento,c,2
UB-798,Range Rover,c,2
RK-367,Legacy,b,1
HY-935,Passat,b,2
RW-255,Corolla,b,3
NG-156,Land Cruiser,c,3
PX-350,Range Rover,c,1
SY-784,Land Cruiser,c,3
NN-492,Passat,b,2
UI-648,Sorento,c,3
SI-690,Passat,b,3
XS-999,Passat,b,1
FA-898,Aygo,a,3
FL-662,Land Cruiser,c,3
HI-064,Yaris,a,1
LV-062,Land Cruiser,c,1
TE-300,Legacy,b,2
JJ-088,Aygo,a,1
SD-947,Aygo,a,3
IB-692,Land Cruiser,c,1
LP-848,Range Rover,c,2
KC-717,Sorento,c,3
VG-968,Land Cruiser,c,1
VH-070,Range Rover,c,1
BC-793,Corolla,b,1
FM-532,Land Cruiser,c,2
SC-059,Land Cruiser,c,2
TM-423,Range Rover,c,2
NK-793,Sorento,c,3
IE-509,Range Rover,c,1
VO-679,Yaris,a,1
WE-120,Golf,a,2
DR-573,Aygo,a,2
KA-620,Aygo,a,1
VB-361,Corolla,b,2
OH-527,Range Rover,c,3
TE-887,Aygo,a,1
WC-696,Yaris,a,2
BA-676,Passat,b,2
BN-223,Range Rover,c,2
KC-379,Passat,b,1
QH-511,Yaris,a,3
SK-114,Passat,b,1
PE-530,Legacy,b,1
JQ-450,Aygo,a,2
NS-642,Sorento,c,3
IN-635,Sorento,c,1
GW-979,Golf,a,3
UB-119,Golf,a,3
RE-440,Yaris,a,2
DA-310,Range Rover,c,2
JJ-500,Aygo,a,3
LU-963,Corolla,b,1
GS-980,Legacy,b,1
AZ-386,Aygo,a,3
RA-079,Passat,b,2
ES-221,Golf,a,2
OO-608,Golf,a,3
XE-383,Aygo,a,2
PI-384,Golf,a,1
AP-892,Yaris,a,1
II-792,Land Cruiser,c,2
MG-878,Corolla,b,1
WF-085,Passat,b,2
TJ-232,Legacy,b,3
IM-170,Corolla,b,2
CC-307,Yaris,a,3
LH-920,Corolla,b,3
QX-619,Corolla,b,3
JS-308,Range Rover,c,2
JV-256,Range Rover,c,1
CE-214,Land Cruiser,c,1
BM-301,Legacy,b,2
YR-452,Legacy,b,3
YW-268,Sorento,c,3
HE-639,Aygo,a,1
SS-486,Land Cruiser,c,2
TW-556,Golf,a,2
GJ-900,Yaris,a,2
JL-672,Legacy,b,2
LG-047,Legacy,b,3
HQ-564,Sorento,c,3
KY-522,Passat,b,1
EG-096,Legacy,b,1
LA-633,Land Cruiser,c,3
VP-015,Golf,a,2
BI-865,Passat,b,3
IW-484,Land Cruiser,c,1
FZ-813,Range Rover,c,2
HF-024,Passat,b,2
QC-742,Land Cruiser,c,1
WE-452,Legacy,b,1
PK-612,Corolla,b,1
UJ-306,Aygo,a,2
FN-590,Yaris,a,1
WT-651,Legacy,b,3
TT-923,Golf,a,2
ZU-778,Passat,b,2
OH-250,Passat,b,1
WT-274,Aygo,a,1
SN-545,Legacy,b,3
VO-162,Passat,b,3
VZ-648,Range Rover,c,1
LU-618,Range Rover,c,3
RG-248,Land Cruiser,c,3
RJ-181,Legacy,b,1
WV-483,Aygo,a,2
MT-795,Corolla,b,2
GU-172,Golf,a,1
OD-311,Yaris,a,3
PK-171,Legacy,b,2
UY-734,Sorento,c,1
NO-806,Yaris,a,2
HB-457,Land Cruiser,c,2
NK-178,Sorento,c,1
HC-426,Yaris,a,2
DO-860,Land Cruiser,c,3
WC-138,Golf,a,1
XT-334,Yaris,a,2
VY-252,Yaris,a,3
LF-567,Golf,a,1
NQ-530,Sorento,c,1
RX-767,Range Rover,c,1
PB-617,Yaris,a,2
AV-794,Aygo,a,1
MH-039,Range Rover,c,3
DK-888,Passat,b,1
LW-707,Land Cruiser,c,1
TY-206,Land Cruiser,c,3
MZ-661,Golf,a,1
RJ-304,Land Cruiser,c,1
OR-579,Corolla,b,3
ZO-642,Aygo,a,2
OF-657,Passat,b,2
WB-646,Legacy,b,2
VB-442,Golf,a,2
OW-920,Aygo,a,3
TV-065,Sorento,c,1
MQ-073,Golf,a,1
LA-408,Yaris,a,1
ET-645,Land Cruiser,c,1
PQ-152,Golf,a,2
ED-538,Passat,b,2
UL-598,Golf,a,1
ED-344,Passat,b,3
CE-704,Corolla,b,2
YM-464,Passat,b,3
HL-624,Range Rover,c,1
MA-720,Range Rover,c,1
YJ-640,Corolla,b,2
MM-451,Range Rover,c,3
HC-723,Golf,a,3
EI-059,Yaris,a,3
KJ-393,Aygo,a,2
PY-485,Corolla,b,1
XT-200,Legacy,b,2
QT-737,Range Rover,c,1
FL-770,Legacy,b,3
LG-740,Sorento,c,1
FL-714,Passat,b,2
OU-179,Yaris,a,1
FZ-628,Yaris,a,2
IA-816,Passat,b,2
TL-362,Legacy,b,2
ZY-596,Sorento,c,1
QT-478,Range Rover,c,2
QQ-716,Range Rover,c,1
RD-229,Range Rover,c,2
EY-008,Range Rover,c,1
AU-618,Sorento,c,2
VK-317,Aygo,a,3
RE-073,Yaris,a,2
PI-601,Legacy,b,2
TX-864,Yaris,a,3
PP-779,Golf,a,1
CA-446,Corolla,b,3
LV-100,Golf,a,1
JL-241,Aygo,a,1
FA-372,Range Rover,c,1
ET-026,Aygo,a,1
HU-488,Golf,a,2
FR-663,Yaris,a,3
JA-615,Legacy,b,2
VG-640,Passat,b,2
VN-225,Aygo,a,3
NR-585,Golf,a,3
UQ-611,Corolla,b,1
TR-979,Golf,a,1
UK-562,Sorento,c,3
XC-996,Corolla,b,2
UK-731,Land Cruiser,c,3
QL-030,Golf,a,3
AH-623,Passat,b,3
AE-824,Golf,a,3
OJ-673,Sorento,c,3
HV-180,Passat,b,3
MK-413,Legacy,b,3
OO-696,Sorento,c,3
XS-122,Aygo,a,2
AB-391,Corolla,b,1
KM-710,Corolla,b,2
OW-072,Golf,a,3
HR-427,Land Cruiser,c,1
CB-746,Sorento,c,3
BP-945,Aygo,a,2
IT-840,Yaris,a,1
GZ-966,Land Cruiser,c,2
PS-861,Passat,b,3
KO-717,Legacy,b,2
AW-475,Legacy,b,1
VA-846,Land Cruiser,c,1
PC-386,Yaris,a,2
JB-240,Sorento,c,2
IP-889,Legacy,b,1
KS-566,Aygo,a,1
DO-031,Sorento,c,3
BO-811,Corolla,b,1
YG-557,Range Rover,c,1
OB-540,Passat,b,3
LJ-211,Legacy,b,2
HR-042,Legacy,b,1
UM-570,Passat,b,3
TA-689,Legacy,b,3
YP-651,Range Rover,c,3
GZ-495,Range Rover,c,2
FZ-228,Aygo,a,1
XE-575,Land Cruiser,c,3
RT-888,Golf,a,2
FJ-045,Aygo,a,2
XJ-317,Aygo,a,1
UB-392,Corolla,b,1
HW-822,Aygo,a,3
IK-231,Legacy,b,1
XI-215,Range Rover,c,1
PS-297,Range Rover,c,2
GT-255,Yaris,a,2
UF-139,Yaris,a,2
WZ-679,Corolla,b,1
JV-128,Sorento,c,3
DI-759,Passat,b,2
AF-651,Land Cruiser,c,3
HN-915,Yaris,a,3
LF-374,Legacy,b,1
JX-319,Land Cruiser,c,3
FE-680,Yaris,a,2
PL-747,Range Rover,c,1
FN-535,Aygo,a,3
TH-731,Passat,b,1
BU-759,Aygo,a,3
JQ-758,Corolla,b,1
XL-364,Yaris,a,3
UI-617,Sorento,c,3
CB-834,Range Rover,c,3
NN-011,Golf,a,1
PY-110,Passat,b,3
NE-571,Corolla,b,3
WT-742,Yaris,a,2
EL-927,Aygo,a,2
AT-144,Passat,b,3
XT-032,Aygo,a,1
GM-201,Land Cruiser,c,1
KR-805,Range Rover,c,2
JA-555,Yaris,a,3
FM-277,Land Cruiser,c,1
VH-379,Golf,a,1
PJ-643,Land Cruiser,c,2
FO-560,Passat,b,1
IG-987,Yaris,a,2
QQ-299,Corolla,b,3
YX-472,Legacy,b,1
FC-926,Yaris,a,2
VY-728,Corolla,b,3
DB-350,Aygo,a,3
ZW-931,Golf,a,3
LB-513,Corolla,b,1
JQ-551,Land Cruiser,c,3
MF-865,Range Rover,c,3
YC-820,Legacy,b,1
LL-577,Golf,a,3
LZ-588,Golf,a,2
RH-979,Golf,a,1
RA-999,Passat,b,1
JH-627,Range Rover,c,2
BC-394,Land Cruiser,c,2
QP-166,Land Cruiser,c,1
MX-003,Aygo,a,1
DR-316,Yaris,a,2
KU-861,Yaris,a,3
AY-464,Legacy,b,3
FE-023,Sorento,c,1
MZ-772,Legacy,b,2
WS-959,Range Rover,c,3
KZ-640,Sorento,c,1
UE-721,Corolla,b,1
SV-084,Sorento,c,3
QP-335,Passat,b,1
AU-785,Legacy,b,2
MP-305,Passat,b,2
YI-890,Yaris,a,1
PX-010,Sorento,c,1
WP-142,Legacy,b,1
CB-126,Passat,b,2
DC-603,Range Rover,c,3
WD-544,Golf,a,1
BZ-445,Corolla,b,2
RG-148,Corolla,b,1
YY-424,Range Rover,c,3
KH-054,Range Rover,c,2
ND-314,Golf,a,3
SI-430,Corolla,b,2
YU-205,Corolla,b,1
XG-986,Corolla,b,3
SE-674,Passat,b,2
FQ-666,Legacy,b,2
MZ-966,Yaris,a,2
FI-772,Land Cruiser,c,3
BZ-715,Golf,a,3
FS-534,Sorento,c,2
NL-490,Land Cruiser,c,2
UI-873,Golf,a,1
OP-573,Sorento,c,3
IL-951,Land Cruiser,c,1
IZ-561,Range Rover,c,1
QL-480,Range Rover,c,2
HH-963,Sorento,c,1
KV-179,Corolla,b,2
LU-117,Land Cruiser,c,1
FN-599,Land Cruiser,c,1
AB-240,Aygo,a,1
RI-277,Aygo,a,3
LX-352,Golf,a,2
EC-022,Passat,b,1
OB-551,Sorento,c,3
RC-399,Land Cruiser,c,2
TB-162,Golf,a,3
LU-453,Land Cruiser,c,3
NF-013,Land Cruiser,c,3
CO-967,Sorento,c,1
CG-387,Yaris,a,1
KZ-070,Golf,a,2
DO-806,Legacy,b,2
NY-260,Aygo,a,2
OF-600,Range Rover,c,3
QY-760,Yaris,a,1
UT-250,Yaris,a,1
AL-640,Yaris,a,3
DP-539,Legacy,b,3
TY-517,Legacy,b,1
YY-522,Land Cruiser,c,2
ZH-486,Aygo,a,2
BT-662,Legacy,b,3
AV-656,Aygo,a,1
TQ-995,Legacy,b,3
YQ-914,Golf,a,2
TB-233,Passat,b,1
AK-217,Yaris,a,1
EH-834,Passat,b,2
QS-048,Sorento,c,1
BB-500,Range Rover,c,2
GL-983,Golf,a,2
QN-083,Yaris,a,1
CJ-691,Sorento,c,2
TX-039,Range Rover,c,3
RC-188,Passat,b,3
SI-334,Range Rover,c,2
AP-946,Yaris,a,1
YR-810,Passat,b,3
PR-503,Aygo,a,2
BS-317,Yaris,a,3
RP-508,Golf,a,2
TV-151,Aygo,a,2
QG-996,Aygo,a,3
BG-253,Aygo,a,3
KV-122,Legacy,b,2
HI-902,Passat,b,3
IT-178,Range Rover,c,1
PV-479,Legacy,b,2
BA-826,Land Cruiser,c,2
XL-273,Aygo,a,1
PB-048,Golf,a,2
BE-718,Sorento,c,1
YA-952,Sorento,c,2
QQ-911,Yaris,a,1
ND-116,Corolla,b,3
QW-553,Golf,a,3
KI-295,Legacy,b,2
MN-899,Yaris,a,2
LD-662,Corolla,b,1
XD-202,Range Rover,c,3
LT-634,Legacy,b,3
EO-220,Land Cruiser,c,1
OH-662,Aygo,a,2
SZ-758,Range Rover,c,2
UG-655,Range Rover,c,1
YT-260,Land Cruiser,c,3
WL-375,Golf,a,2
EV-184,Aygo,a,1
YY-478,Land Cruiser,c,1
LM-066,Passat,b,2
PF-546,Passat,b,1
LX-290,Golf,a,3
DR-796,Range Rover,c,1
FN-055,Aygo,a,2
LP-139,Sorento,c,2
VT-071,Passat,b,2
GB-724,Aygo,a,2
HU-409,Sorento,c,3
FE-776,Sorento,c,1
WA-389,Passat,b,2
SE-136,Passat,b,3
IE-944,Aygo,a,1
TX-297,Corolla,b,2
GA-994,Yaris,a,2
GA-663,Passat,b,2
FJ-566,Corolla,b,1
SJ-791,Land Cruiser,c,2
UR-854,Aygo,a,1
ED-318,Range Rover,c,3
TY-742,Golf,a,3
AG-694,Land Cruiser,c,3
VQ-522,Land Cruiser,c,3
FT-917,Passat,b,2
NL-229,Corolla,b,1
OF-190,Legacy,b,3
NR-309,Passat,b,1
WB-404,Land Cruiser,c,1
DW-778,Legacy,b,1
SH-681,Corolla,b,3
IN-955,Passat,b,1
AN-667,Sorento,c,3
NF-680,Yaris,a,2
JL-969,Yaris,a,2
AB-864,Land Cruiser,c,3
DH-086,Yaris,a,2
KX-112,Corolla,b,1
WC-332,Range Rover,c,2
GY-160,Golf,a,3
WS-205,Corolla,b,2
NT-583,Aygo,a,2
AM-447,Yaris,a,3
YG-734,Golf,a,3
GN-838,Aygo,a,1
LV-557,Aygo,a,2
SH-024,Corolla,b,2
NF-301,Sorento,c,3
GE-647,Yaris,a,3
RT-437,Corolla,b,3
MQ-684,Golf,a,2
OV-631,Sorento,c,2
QW-095,Yaris,a,3
YD-613,Sorento,c,3
WX-503,Passat,b,2
LA-359,Golf,a,2
DV-872,Golf,a,3
KJ-490,Aygo,a,3
SP-656,Sorento,c,2
SA-756,Yaris,a,2
CF-294,Corolla,b,1
SH-370,Range Rover,c,3
JI-113,Corolla,b,3
SG-032,Land Cruiser,c,2
DV-564,Legacy,b,1
BJ-748,Aygo,a,2
ZR-270,Passat,b,2
SG-318,Legacy,b,2
SH-852,Sorento,c,1
TE-385,Passat,b,2
XA-353,Passat,b,3
SA-085,Land Cruiser,c,1
NI-357,Range Rover,c,1
HZ-089,Passat,b,3
XK-101,Range Rover,c,2
AC-114,Land Cruiser,c,1
OF-826,Sorento,c,1
QQ-385,Yaris,a,2
DB-040,Yaris,a,1
KW-229,Passat,b,3
NI-454,Passat,b,2
HE-325,Corolla,b,1
RL-609,Range Rover,c,3
HD-377,Yaris,a,3
BK-275,Aygo,a,2
WR-438,Range Rover,c,2
GE-600,Legacy,b,2
PX-222,Sorento,c,2
YP-589,Yaris,a,2
LJ-496,Legacy,b,2
RQ-880,Aygo,a,3
GQ-327,Legacy,b,1
ZZ-957,Yaris,a,2
CD-672,Legacy,b,1
EN-513,Land Cruiser,c,1
LK-868,Golf,a,3
BU-821,Golf,a,2
CH-367,Yaris,a,1
OQ-651,Range Rover,c,1
ZT-257,Range Rover,c,3
NJ-938,Corolla,b,3
AS-538,Range Rover,c,3
AW-605,Land Cruiser,c,2
RK-426,Sorento,c,2
VP-050,Sorento,c,1
CF-516,Sorento,c,1
XW-267,Range Rover,c,2
GF-998,Golf,a,2
ZJ-448,Yaris,a,1
EO-077,Legacy,b,1
FS-081,Golf,a,2
WC-361,Yaris,a,1
ZA-754,Passat,b,2
SG-150,Sorento,c,3
YS-899,Aygo,a,2
HK-194,Golf,a,3
NX-051,Golf,a,1
GL-266,Golf,a,2
AL-365,Legacy,b,1
NH-965,Golf,a,2
WZ-291,Sorento,c,2
OF-110,Range Rover,c,2
BR-305,Golf,a,2
LY-599,Aygo,a,2
ZM-773,Sorento,c,3
IP-414,Land Cruiser,c,2
SR-650,Yaris,a,2
GH-257,Legacy,b,1
IN-387,Golf,a,3
YN-038,Corolla,b,1
CV-186,Land Cruiser,c,3
IL-217,Golf,a,1
HB-620,Golf,a,2
AO-656,Passat,b,3
QW-025,Golf,a,3
ZD-388,Legacy,b,1
CV-452,Legacy,b,2
SK-215,Passat,b,3
YC-512,Corolla,b,3
YN-089,Range Rover,c,1
AR-319,Yaris,a,2
MI-258,Yaris,a,3
LS-460,Range Rover,c,3
JH-160,Sorento,c,1
OL-752,Yaris,a,1
ZH-223,Passat,b,1
PY-966,Corolla,b,1
KD-593,Corolla,b,2
FB-339,Yaris,a,3
FX-549,Range Rover,c,1
OQ-011,Yaris,a,1
RA-378,Golf,a,2
PV-956,Range Rover,c,1
QM-600,Passat,b,3
NQ-376,Legacy,b,1
GD-162,Land Cruiser,c,3
FY-920,Legacy,b,1
JK-046,Land Cruiser,c,3
SK-464,Range Rover,c,1
RL-118,Passat,b,3
ZW-419,Yaris,a,1
BN-957,Aygo,a,2
OV-123,Corolla,b,1
XH-129,Yaris,a,1
XH-964,Range Rover,c,1
DT-590,Range Rover,c,1
UT-623,Range Rover,c,2
OJ-277,Range Rover,c,3
UQ-830,Passat,b,1
EX-222,Corolla,b,3
PT-385,Legacy,b,2
CA-940,Range Rover,c,3
NZ-325,Aygo,a,1
MS-566,Golf,a,2
EF-388,Sorento,c,2
GB-111,Golf,a,3
IS-551,Passat,b,1
NM-243,Aygo,a,2
BC-215,Corolla,b,1
VG-776,Sorento,c,2
CR-520,Corolla,b,2
DP-288,Yaris,a,3
DC-999,Passat,b,2
FI-388,Land Cruiser,c,2
XL-898,Aygo,a,1
QW-163,Yaris,a,2
XY-926,Range Rover,c,3
CU-155,Sorento,c,2
IF-388,Passat,b,1
BV-884,Aygo,a,1
KM-359,Golf,a,3
SY-102,Legacy,b,2
NO-875,Golf,a,2
VA-672,Sorento,c,2
ZX-836,Corolla,b,1
UQ-805,Yaris,a,3
YZ-442,Golf,a,1
FC-463,Land Cruiser,c,2
BJ-448,Aygo,a,1
NL-317,Yaris,a,3
RU-984,Legacy,b,3
YN-284,Land Cruiser,c,3
EA-364,Passat,b,3
SI-422,Yaris,a,1
OY-390,Passat,b,3
NK-639,Corolla,b,1
ZZ-160,Land Cruiser,c,1
FU-949,Passat,b,3
ZI-280,Golf,a,3
XQ-818,Aygo,a,1
JK-213,Legacy,b,1
IN-285,Yaris,a,2
UZ-689,Corolla,b,3
ZF-118,Golf,a,3
MN-632,Sorento,c,3
OD-318,Land Cruiser,c,1
NX-958,Range Rover,c,2
WE-181,Golf,a,2
SC-294,Yaris,a,1
ZX-871,Golf,a,2
JY-429,Legacy,b,2
MV-116,Sorento,c,3
KF-279,Corolla,b,1
XG-248,Corolla,b,3
MK-327,Yaris,a,2
AB-481,Range Rover,c,1
OX-753,Golf,a,2
WA-982,Sorento,c,1
SX-622,Yaris,a,2
CQ-546,Land Cruiser,c,3
BM-866,Golf,a,2
NP-078,Legacy,b,1
QU-173,Passat,b,3
RT-459,Yaris,a,1
HJ-947,Aygo,a,2
YE-063,Legacy,b,2
YF-862,Sorento,c,3
RC-872,Golf,a,1
AQ-097,Sorento,c,1
DW-150,Passat,b,1
VP-670,Passat,b,1
YG-551,Land Cruiser,c,2
WR-769,Yaris,a,3
MP-356,Aygo,a,2
GM-404,Land Cruiser,c,3
LM-393,Sorento,c,1
DH-468,Corolla,b,3
EK-268,Passat,b,2
BM-251,Legacy,b,2
PZ-707,Passat,b,2
EX-797,Range Rover,c,3
UK-907,Range Rover,c,2
YQ-404,Legacy,b,3
UP-785,Golf,a,2
AF-927,Land Cruiser,c,3
MG-953,Sorento,c,3
IF-331,Aygo,a,3
NN-543,Sorento,c,2
JG-708,Yaris,a,2
VN-670,Yaris,a,3
ZF-482,Golf,a,2
YW-068,Golf,a,2
SS-842,Land Cruiser,c,2
GT-672,Yaris,a,3
XH-828,Legacy,b,2
DC-548,Passat,b,3
OT-560,Golf,a,2
ZS-824,Sorento,c,2
PP-821,Range Rover,c,2
GW-472,Legacy,b,3
OP-020,Legacy,b,1
NA-851,Land Cruiser,c,2
OW-256,Sorento,c,1
NP-737,Corolla,b,1
SN-945,Sorento,c,3
TR-856,Golf,a,2
DE-367,Sorento,c,3
TJ-472,Corolla,b,2
HQ-835,Golf,a,2
PY-298,Aygo,a,3
DD-956,Corolla,b,3
OZ-947,Aygo,a,2
XJ-429,Passat,b,1
SI-924,Land Cruiser,c,1
GW-020,Sorento,c,2
UO-787,Golf,a,2
ED-122,Yaris,a,2
XL-274,Corolla,b,3
NH-202,Land Cruiser,c,3
AA-209,Land Cruiser,c,1
AJ-552,Legacy,b,3
MY-827,Corolla,b,3
EZ-423,Aygo,a,3
YU-782,Golf,a,3
PC-391,Yaris,a,1
NR-235,Land Cruiser,c,2
XR-566,Range Rover,c,2
OT-999,Legacy,b,2
HC-632,Passat,b,1
OC-194,Yaris,a,3
JG-071,Golf,a,2
KL-703,Legacy,b,1
MA-784,Range Rover,c,1
YZ-954,Aygo,a,2
DK-529,Sorento,c,2
JZ-964,Land Cruiser,c,2
IS-312,Legacy,b,3
WJ-900,Passat,b,1
ME-578,Range Rover,c,3
IF-798,Aygo,a,2
UE-495,Land Cruiser,c,2
XJ-019,Yaris,a,3
ON-671,Sorento,c,2
CE-051,Aygo,a,2
SY-745,Passat,b,3
VC-082,Land Cruiser,c,3
XT-082,Golf,a,3
GL-036,Aygo,a,3
DP-916,Land Cruiser,c,1
EZ-256,Yaris,a,2
WO-250,Aygo,a,3
ZV-650,Passat,b,1
GO-549,Golf,a,3
VD-174,Land Cruiser,c,2
RC-767,Yaris,a,3
IZ-347,Land Cruiser,c,1
HY-790,Corolla,b,2
AQ-473,Passat,b,3
UX-873,Passat,b,2
XM-547,Passat,b,2
VD-701,Sorento,c,1
OR-594,Yaris,a,3
UH-101,Aygo,a,1
ZX-040,Land Cruiser,c,2
XC-149,Legacy,b,3
LD-535,Legacy,b,3
JA-474,Range Rover,c,1
BZ-360,Sorento,c,1
SH-617,Range Rover,c,3
UE-171,Range Rover,c,1
CZ-044,Range Rover,c,2
EI-591,Golf,a,1
DF-492,Passat,b,2
NN-746,Sorento,c,2
AU-891,Passat,b,1
HQ-179,Sorento,c,2
VE-951,Passat,b,3
QQ-419,Aygo,a,2
LP-059,Legacy,b,3
LT-771,Sorento,c,3
OT-821,Golf,a,1
MB-576,Range Rover,c,1
KH-870,Corolla,b,2
WU-640,Land Cruiser,c,2
WD-287,Golf,a,3
HO-854,Legacy,b,2
HC-970,Sorento,c,2
NB-647,Yaris,a,2
TH-080,Aygo,a,1
XG-530,Passat,b,1
LS-276,Sorento,c,1
NQ-499,Yaris,a,3
GP-122,Corolla,b,3
KK-738,Sorento,c,1
PC-525,Passat,b,2
OD-141,Range Rover,c,2
GF-780,Sorento,c,3
WL-804,Aygo,a,1
MI-782,Range Rover,c,1
DN-994,Passat,b,2
GB-674,Corolla,b,3
LW-968,Yaris,a,2
UE-748,Range Rover,c,3
SF-591,Legacy,b,2
DR-599,Range Rover,c,3
OK-172,Range Rover,c,1
BG-909,Land Cruiser,c,3
WN-812,Passat,b,1
GR-294,Land Cruiser,c,2
WN-263,Corolla,b,2
KK-817,Range Rover,c,3
QM-124,Corolla,b,3
QM-054,Aygo,a,3
HJ-609,Aygo,a,1
DL-892,Corolla,b,2
FX-790,Range Rover,c,2
GW-335,Yaris,a,1
OE-709,Golf,a,1
SK-623,Sorento,c,1
OR-281,Aygo,a,3
EE-996,Golf,a,2
WD-066,Aygo,a,3
PO-000,Yaris,a,3
HK-654,Passat,b,1
UZ-320,Land Cruiser,c,2
ZM-215,Yaris,a,2
RA-096,Range Rover,c,1
XR-822,Yaris,a,1
UO-876,Range Rover,c,1
CA-619,Yaris,a,1
UX-377,Range Rover,c,3
IL-682,Aygo,a,1
VG-921,Corolla,b,2
WB-011,Range Rover,c,2
OI-487,Land Cruiser,c,2
BS-598,Yaris,a,2
ZQ-426,Aygo,a,1
WB-323,Yaris,a,1
PE-666,Yaris,a,3
UP-184,Legacy,b,2
HN-113,Aygo,a,3
BQ-446,Golf,a,2
EU-092,Land Cruiser,c,3
YF-096,Land Cruiser,c,3
NW-858,Golf,a,2
VG-517,Passat,b,1
GI-195,Yaris,a,3
FL-783,Corolla,b,2
EH-892,Range Rover,c,3
YU-841,Land Cruiser,c,2
VR-799,Aygo,a,1
EH-777,Sorento,c,2
BH-727,Land Cruiser,c,2
JP-598,Sorento,c,2
SM-261,Range Rover,c,3
SL-552,Yaris,a,1
FQ-309,Sorento,c,3
GN-609,Golf,a,3
VM-851,Land Cruiser,c,2
CA-549,Sorento,c,3
SC-790,Legacy,b,3
JU-648,Range Rover,c,2
IW-431,Golf,a,3
HS-719,Yaris,a,1
OT-537,Yaris,a,3
OS-603,Corolla,b,3
FO-047,Corolla,b,1
VX-329,Corolla,b,2
QY-269,Passat,b,2
FO-375,Passat,b,3
BC-203,Aygo,a,2
UK-849,Golf,a,1
CN-474,Legacy,b,2
HE-140,Golf,a,1
EK-909,Aygo,a,3
IA-338,Range Rover,c,1
MG-649,Range Rover,c,2
IR-568,Golf,a,3
WA-397,Aygo,a,1
DY-835,Corolla,b,1
NM-766,Passat,b,1
BC-740,Land Cruiser,c,2
MJ-477,Corolla,b,2
LN-783,Legacy,b,1
BL-583,Corolla,b,1
VL-744,Yaris,a,3
XP-234,Land Cruiser,c,3
WX-061,Land Cruiser,c,2
LN-698,Aygo,a,3
TR-839,Sorento,c,1
OJ-133,Corolla,b,3
KQ-213,Sorento,c,2
DW-438,Yaris,a,2
IE-553,Aygo,a,3
SM-205,Land Cruiser,c,2
DL-924,Legacy,b,1
HQ-522,Golf,a,2
NU-028,Golf,a,2
BD-650,Legacy,b,1
ON-521,Golf,a,1
EN-243,Legacy,b,2
EO-659,Sorento,c,2
IJ-240,Range Rover,c,3
ON-942,Legacy,b,1
TX-732,Corolla,b,3
JS-407,Golf,a,2
IP-413,Passat,b,3
AE-886,Land Cruiser,c,3
CJ-859,Land Cruiser,c,3
SQ-026,Sorento,c,1
LQ-564,Corolla,b,3
HD-926,Legacy,b,3
ZY-447,Sorento,c,2
GQ-106,Sorento,c,1
KF-234,Corolla,b,3
FZ-870,Yaris,a,2
OE-526,Golf,a,1
UK-389,Sorento,c,1
OI-470,Range Rover,c,3
CQ-549,Sorento,c,3
WI-069,Aygo,a,3
DD-431,Range Rover,c,3
FF-839,Passat,b,3
BG-665,Passat,b,2
LG-855,Passat,b,2
AM-907,Passat,b,2
TA-762,Aygo,a,1
UB-099,Range Rover,c,3
YM-930,Range Rover,c,2
NH-481,Yaris,a,1
GD-720,Legacy,b,2
HS-327,Golf,a,3
PR-912,Legacy,b,1
UP-642,Corolla,b,3
QW-469,Range Rover,c,2
KV-037,Golf,a,3
PM-197,Passat,b,2
BK-129,Passat,b,2
UB-925,Aygo,a,3
IH-468,Land Cruiser,c,3
BN-829,Yaris,a,1
BW-170,Passat,b,3
CS-312,Corolla,b,1
KA-640,Golf,a,3
PP-529,Range Rover,c,2
BK-479,Land Cruiser,c,3
RU-414,Golf,a,3
HG-398,Yaris,a,1
LJ-557,Corolla,b,1
JM-418,Aygo,a,1
ZT-686,Passat,b,2
KL-499,Corolla,b,1
CP-539,Golf,a,2
XF-971,Passat,b,1
ZZ-520,Aygo,a,2
ZD-797,Passat,b,2
NW-374,Corolla,b,3
ZA-433,Yaris,a,2
YV-727,Corolla,b,1
IS-433,Sorento,c,3
OR-704,Legacy,b,3
VV-888,Golf,a,1
IW-291,Aygo,a,3
FB-413,Corolla,b,2
PK-563,Sorento,c,1
EX-427,Land Cruiser,c,1
KM-200,Legacy,b,2
WE-950,Aygo,a,1
TV-207,Golf,a,1
BW-323,Range Rover,c,2
WO-322,Yaris,a,2
LX-292,Legacy,b,1
AL-787,Legacy,b,1
QB-496,Range Rover,c,2
MX-505,Yaris,a,3
WI-490,Aygo,a,1
IB-693,Golf,a,3
KW-790,Land Cruiser,c,1
YA-657,Golf,a,3
VW-272,Legacy,b,2
WV-782,Passat,b,3
OL-829,Legacy,b,2
XU-516,Aygo,a,3
IV-124,Passat,b,1
HY-638,Yaris,a,2
GY-786,Legacy,b,3
MC-061,Legacy,b,3
HT-095,Golf,a,1
XK-009,Sorento,c,3
PS-477,Golf,a,2
KT-025,Aygo,a,3
QR-565,Sorento,c,1
FQ-790,Corolla,b,2
HP-770,Passat,b,2
IF-645,Range Rover,c,2
QZ-049,Aygo,a,1
GT-826,Passat,b,2
QJ-147,Golf,a,3
MP-570,Land Cruiser,c,2
LE-570,Golf,a,1
SX-331,Passat,b,3
QZ-004,Range Rover,c,1
LS-241,Passat,b,1
CO-000,Sorento,c,2
HB-116,Legacy,b,3
NU-415,Sorento,c,2
CS-148,Sorento,c,2
VN-304,Sorento,c,3
QX-404,Legacy,b,3
RK-698,Legacy,b,1
SI-244,Aygo,a,2
YK-965,Passat,b,3
MU-344,Passat,b,3
WE-480,Legacy,b,2
YH-812,Golf,a,3
SE-017,Sorento,c,2
CN-329,Passat,b,2
YB-069,Range Rover,c,2
OM-583,Corolla,b,1
IM-378,Legacy,b,1
AA-354,Land Cruiser,c,1
UH-502,Passat,b,1
UK-351,Golf,a,2
XN-284,Range Rover,c,2
ZH-633,Yaris,a,2
RE-167,Aygo,a,2
KR-008,Aygo,a,2
WG-135,Range Rover,c,2
RV-341,Sorento,c,3
MM-182,Sorento,c,2
EC-837,Aygo,a,2
AX-525,Golf,a,1
RW-622,Sorento,c,1
VU-430,Corolla,b,3
UI-566,Corolla,b,1
BD-370,Corolla,b,3
ZN-791,Legacy,b,2
BF-266,Passat,b,1
AG-955,Legacy,b,3
EB-779,Corolla,b,1
DU-050,Golf,a,2
UM-204,Sorento,c,2
YA-471,Legacy,b,1
ST-946,Passat,b,3
AX-765,Aygo,a,3
ND-540,Land Cruiser,c,3
GO-613,Yaris,a,1
GJ-236,Range Rover,c,3
YX-612,Yaris,a,3
TW-633,Passat,b,3
IU-665,Sorento,c,1
ED-416,Passat,b,2
IP-880,Corolla,b,3
LC-294,Land Cruiser,c,2
MG-273,Aygo,a,3
DR-919,Yaris,a,1
VZ-758,Corolla,b,1
XQ-054,Corolla,b,1
BE-747,Land Cruiser,c,2
SP-921,Golf,a,1
RL-137,Passat,b,3
SC-144,Range Rover,c,3
SK-859,Aygo,a,3
FA-696,Sorento,c,1
SD-889,Land Cruiser,c,2
NY-314,Passat,b,3
RB-350,Corolla,b,3
CT-774,Passat,b,2
IU-615,Legacy,b,3
CY-389,Yaris,a,1
OV-453,Yaris,a,3
YF-543,Range Rover,c,1
UG-716,Passat,b,3
UN-798,Range Rover,c,1
EB-623,Sorento,c,2
NX-820,Sorento,c,3
WH-166,Passat,b,3
RY-138,Sorento,c,1
RC-157,Golf,a,1
AI-325,Corolla,b,1
IX-743,Aygo,a,3
AW-952,Legacy,b,3
RN-288,Passat,b,1
QD-417,Range Rover,c,2
DI-384,Aygo,a,1
DT-534,Range Rover,c,1
TH-877,Aygo,a,2
DM-250,Yaris,a,1
YP-893,Aygo,a,3
OD-161,Legacy,b,3
QV-397,Golf,a,2
SJ-313,Land Cruiser,c,1
FF-464,Yaris,a,1
DL-889,Passat,b,1
RX-583,Golf,a,2
MR-986,Sorento,c,1
HA-754,Legacy,b,2
AT-142,Passat,b,2
BE-354,Sorento,c,3
VJ-857,Sorento,c,2
HD-456,Yaris,a,3
AG-002,Yaris,a,2
YK-392,Legacy,b,2
CF-424,Yaris,a,1
FV-883,Yaris,a,3
OJ-913,Legacy,b,2
AA-557,Land Cruiser,c,1
RZ-161,Sorento,c,1
KD-264,Aygo,a,2
JQ-120,Range Rover,c,1
LV-938,Golf,a,2
QI-141,Legacy,b,1
LB-189,Yaris,a,3
UA-400,Legacy,b,2
JQ-767,Sorento,c,1
WM-439,Golf,a,3
KN-207,Aygo,a,3
DY-968,Passat,b,1
GU-606,Passat,b,3
MI-558,Yaris,a,2
LR-644,Corolla,b,3
LN-056,Yaris,a,1
MU-075,Land Cruiser,c,1
ON-994,Sorento,c,1
RW-083,Corolla,b,3
MH-758,Corolla,b,3
EA-303,Land Cruiser,c,1
KH-422,Corolla,b,3
RR-391,Golf,a,2
XC-852,Passat,b,2
OM-218,Golf,a,2
YK-130,Aygo,a,1
AH-913,Golf,a,2
FO-725,Yaris,a,1
CB-908,Aygo,a,1
DW-688,Yaris,a,1
BL-437,Sorento,c,3
QB-212,Legacy,b,3
RX-330,Golf,a,1
JP-803,Range Rover,c,3
KI-868,Aygo,a,1
IB-746,Range Rover,c,1
ZN-269,Legacy,b,2
KC-176,Corolla,b,1
OT-597,Aygo,a,1
CC-022,Corolla,b,2
PO-159,Land Cruiser,c,1
RX-132,Golf,a,2
AY-787,Range Rover,c,1
GL-638,Range Rover,c,1
FS-232,Corolla,b,1
PU-843,Corolla,b,1
OC-458,Aygo,a,2
OQ-646,Land Cruiser,c,1
SH-751,Land Cruiser,c,2
SS-909,Golf,a,1
NI-678,Aygo,a,1
CJ-784,Land Cruiser,c,2
PN-018,Golf,a,2
GP-165,Sorento,c,1
OO-682,Land Cruiser,c,2
SO-642,Sorento,c,2
RN-113,Corolla,b,1
PO-616,Yaris,a,2
BS-901,Aygo,a,2
YK-073,Legacy,b,3
QI-157,Range Rover,c,2
NV-806,Sorento,c,1
WE-298,Legacy,b,1
IQ-701,Corolla,b,2
ZK-380,Passat,b,3
KY-345,Aygo,a,3
RO-027,Corolla,b,1
XI-595,Yaris,a,1
BR-523,Corolla,b,2
YA-884,Range Rover,c,2
EA-294,Sorento,c,3
SQ-892,Golf,a,1
OX-586,Sorento,c,1
SN-690,Land Cruiser,c,2
UG-329,Aygo,a,2
CY-420,Yaris,a,2
XQ-455,Golf,a,3
NZ-617,Range Rover,c,2
IQ-350,Yaris,a,1
ZF-216,Corolla,b,1
FU-874,Corolla,b,1
EW-231,Yaris,a,2
ZL-263,Golf,a,3
CA-250,Land Cruiser,c,3
FG-970,Yaris,a,3
FK-454,Range Rover,c,2
MN-890,Legacy,b,3
ZQ-545,Aygo,a,2
XT-265,Sorento,c,3
LE-364,Aygo,a,3
XF-505,Yaris,a,2
TN-691,Yaris,a,2
FC-788,Corolla,b,3
AQ-496,Passat,b,2
AT-074,Sorento,c,1
XF-789,Aygo,a,1
IN-582,Passat,b,1
AD-174,Passat,b,2
XG-357,Range Rover,c,1
XL-235,Golf,a,2
KY-377,Legacy,b,3
MB-079,Sorento,c,2
SY-975,Yaris,a,3
KA-965,Corolla,b,1
YL-899,Golf,a,1
SE-025,Legacy,b,3
AB-304,Range Rover,c,2
PO-910,Passat,b,3
YA-700,Sorento,c,2
TW-413,Legacy,b,2
VA-317,Corolla,b,3
WS-991,Yaris,a,1
FP-563,Corolla,b,2
JV-622,Golf,a,2
VM-120,Land Cruiser,c,1
KT-932,Aygo,a,1
XS-313,Golf,a,1
GG-136,Corolla,b,2
TV-622,Land Cruiser,c,2
JS-469,Yaris,a,1
CH-758,Passat,b,2
JH-975,Range Rover,c,2
MB-421,Yaris,a,1
GZ-637,Corolla,b,3
FP-402,Passat,b,3
DS-736,Corolla,b,2
PD-225,Legacy,b,3
YX-576,Aygo,a,2
UF-154,Corolla,b,3
RK-773,Corolla,b,3
JY-008,Sorento,c,1
YZ-165,Sorento,c,3
TW-020,Legacy,b,1
WW-934,Corolla,b,3
GZ-371,Golf,a,3
QI-624,Legacy,b,3
QB-020,Aygo,a,2
GC-265,Range Rover,c,1
UF-931,Corolla,b,2
VR-672,Aygo,a,2
KY-667,Sorento,c,2
FZ-431,Legacy,b,2
WM-534,Corolla,b,3
HK-409,Aygo,a,1
IT-480,Passat,b,3
CF-744,Legacy,b,2
IE-790,Land Cruiser,c,3
PJ-060,Land Cruiser,c,3
BU-520,Golf,a,2
MY-821,Yaris,a,2
WB-779,Sorento,c,3
FN-162,Passat,b,2
MX-204,Yaris,a,1
WZ-810,Range Rover,c,3
XH-705,Range Rover,c,2
VR-255,Legacy,b,1
SU-618,Legacy,b,2
BE-124,Passat,b,1
ML-447,Range Rover,c,2
RO-481,Golf,a,1
UA-419,Sorento,c,3
KU-496,Golf,a,1
VC-400,Aygo,a,2
LL-517,Range Rover,c,2
LQ-126,Legacy,b,3
PH-465,Land Cruiser,c,1
VI-616,Golf,a,2
TZ-678,Range Rover,c,1
ZO-795,Corolla,b,3
HA-057,Legacy,b,3
GL-925,Passat,b,2
AD-631,Yaris,a,1
XU-805,Range Rover,c,2
WM-088,Legacy,b,2
XT-203,Range Rover,c,1
YH-219,Range Rover,c,3
EN-908,Golf,a,3
YQ-943,Yaris,a,3
OG-246,Land Cruiser,c,3
TN-534,Sorento,c,1
OT-124,Yaris,a,2
EH-106,Sorento,c,2
VN-347,Passat,b,2
EV-447,Passat,b,3
MV-225,Golf,a,3
DZ-539,Corolla,b,3
JD-108,Land Cruiser,c,1
MZ-570,Land Cruiser,c,2
BK-721,Aygo,a,3
YS-464,Range Rover,c,2
WD-554,Legacy,b,2
WU-844,Sorento,c,1
AG-146,Corolla,b,3
VN-421,Legacy,b,1
MU-969,Range Rover,c,3
IE-804,Legacy,b,3
UU-701,Range Rover,c,2
IH-232,Corolla,b,2
TK-711,Land Cruiser,c,1
EU-065,Aygo,a,2
GB-639,Aygo,a,3
MC-438,Aygo,a,1
JY-591,Legacy,b,2
WQ-869,Range Rover,c,3
KO-088,Passat,b,2
CH-743,Corolla,b,2
FM-046,Legacy,b,1
RQ-844,Sorento,c,2
BB-018,Golf,a,1
IK-343,Range Rover,c,3
QW-003,Range Rover,c,3
GR-580,Aygo,a,1
IV-753,Legacy,b,1
JW-469,Land Cruiser,c,2
LD-666,Aygo,a,1
AX-108,Range Rover,c,2
KK-216,Golf,a,2
MI-304,Range Rover,c,3
XA-792,Legacy,b,3
DA-143,Aygo,a,1
GQ-667,Golf,a,3
AI-030,Yaris,a,1
EG-154,Sorento,c,2
OP-854,Yaris,a,3
RM-562,Sorento,c,2
ER-027,Golf,a,1
UM-974,Yaris,a,2
MG-575,Sorento,c,1
UH-362,Legacy,b,3
EI-695,Yaris,a,3
KN-145,Yaris,a,3
MA-016,Land Cruiser,c,3
AY-732,Range Rover,c,3
BS-906,Sorento,c,3
NE-280,Golf,a,2
AO-531,Golf,a,2
DK-259,Corolla,b,3
WH-462,Aygo,a,3
EU-102,Yaris,a,3
JA-722,Land Cruiser,c,2
VJ-921,Aygo,a,1
DE-553,Yaris,a,1
WC-986,Land Cruiser,c,1
DE-565,Range Rover,c,1
SQ-436,Golf,a,1
TO-596,Land Cruiser,c,3
XK-702,Land Cruiser,c,1
KW-485,Land Cruiser,c,3
DA-876,Golf,a,1
QS-507,Yaris,a,1
OL-583,Aygo,a,3
AF-999,Corolla,b,1
EQ-401,Yaris,a,1
MW-499,Sorento,c,2
OH-954,Range Rover,c,1
KK-486,Passat,b,3
QS-936,Legacy,b,2
VU-303,Legacy,b,1
PC-279,Range Rover,c,2
DG-629,Golf,a,3
VA-896,Passat,b,2
EY-497,Aygo,a,1
JL-703,Land Cruiser,c,1
SX-749,Passat,b,2
WY-376,Corolla,b,2
QS-907,Passat,b,3
IP-573,Passat,b,2
XQ-805,Yaris,a,2
XV-538,Aygo,a,1
JX-707,Range Rover,c,3
XH-132,Range Rover,c,2
BB-558,Yaris,a,3
LT-921,Sorento,c,1
DA-440,Range Rover,c,3
ZZ-990,Golf,a,1
TI-171,Corolla,b,1
VG-338,Land Cruiser,c,2
QI-283,Corolla,b,3
SI-872,Range Rover,c,1
OO-785,Yaris,a,2
GV-402,Yaris,a,1
ZV-161,Corolla,b,3
TX-232,Yaris,a,3
MD-471,Aygo,a,1
CX-952,Aygo,a,3
NE-816,Yaris,a,3
PM-467,Legacy,b,3
BF-226,Range Rover,c,2
HU-643,Land Cruiser,c,3
MC-289,Corolla,b,2
JU-493,Corolla,b,2
XW-159,Corolla,b,1
YB-884,Corolla,b,1
OT-422,Range Rover,c,3
IU-822,Aygo,a,1
HE-222,Corolla,b,3
JJ-104,Yaris,a,2
DJ-252,Golf,a,1
OW-904,Golf,a,2
BV-229,Golf,a,1
TW-181,Land Cruiser,c,1
KD-098,Golf,a,2
IR-085,Corolla,b,1
GH-074,Land Cruiser,c,3
OC-311,Golf,a,1
GX-163,Sorento,c,3
LW-684,Sorento,c,1
WM-096,Range Rover,c,3
PD-213,Legacy,b,3
IM-020,Passat,b,1
ZW-520,Yaris,a,1
LZ-945,Corolla,b,2
KA-756,Passat,b,1
UC-568,Aygo,a,3
MU-028,Golf,a,1
ZG-160,Legacy,b,1
VH-271,Passat,b,1
CA-975,Yaris,a,2
OK-099,Passat,b,1
JK-089,Land Cruiser,c,2
TV-477,Aygo,a,1
FC-735,Sorento,c,3
EJ-240,Golf,a,2
AA-203,Golf,a,3
WY-230,Corolla,b,2
NM-882,Sorento,c,1
NT-737,Land Cruiser,c,2
CA-159,Passat,b,3
ZA-969,Corolla,b,2
JR-145,Yaris,a,3
TR-645,Yaris,a,2
UI-631,Aygo,a,2
MN-806,Golf,a,2
QS-056,Sorento,c,3
GV-396,Golf,a,1
AK-940,Golf,a,3
BL-199,Golf,a,2
VY-086,Land Cruiser,c,3
QG-647,Range Rover,c,1
EF-717,Corolla,b,2
JW-231,Passat,b,1
XT-024,Passat,b,2
QW-438,Yaris,a,2
AW-787,Yaris,a,3
SE-806,Aygo,a,1
KE-973,Land Cruiser,c,1
CV-062,Corolla,b,3
JQ-745,Aygo,a,1
MV-618,Aygo,a,1
XG-508,Aygo,a,3
TJ-759,Golf,a,1
GE-572,Golf,a,1
EE-189,Range Rover,c,3
KB-545,Aygo,a,2
XR-723,Corolla,b,3
QK-097,Aygo,a,2
AY-174,Land Cruiser,c,2
RX-092,Golf,a,2
DX-414,Corolla,b,1
TB-246,Aygo,a,2
KZ-613,Yaris,a,3
AV-249,Legacy,b,2
TW-197,Range Rover,c,1
MQ-464,Aygo,a,3
XC-311,Aygo,a,2
NZ-883,Legacy,b,2
QE-510,Corolla,b,1
EM-873,Legacy,b,3
UK-467,Corolla,b,3
OA-571,Passat,b,1
RU-632,Aygo,a,2
SF-373,Range Rover,c,2
JR-594,Aygo,a,3
JV-292,Sorento,c,2
CZ-630,Yaris,a,3
BP-907,Golf,a,2
SU-756,Golf,a,1
GO-882,Range Rover,c,3
LJ-421,Legacy,b,2
PT-559,Range Rover,c,1
KG-859,Land Cruiser,c,3
US-237,Land Cruiser,c,1
ES-557,Corolla,b,3
VB-280,Yaris,a,2
KL-592,Aygo,a,1
OV-977,Aygo,a,2
TK-710,Passat,b,2
YK-262,Range Rover,c,2
SS-668,Land Cruiser,c,2
TA-239,Sorento,c,1
HO-949,Sorento,c,3
LP-184,Aygo,a,1
KO-903,Corolla,b,3
VU-101,Yaris,a,1
OE-478,Legacy,b,2
UV-214,Aygo,a,3
FR-559,Range Rover,c,3
IQ-716,Aygo,a,2
PK-076,Land Cruiser,c,2
FQ-767,Passat,b,2
SH-322,Aygo,a,2
HZ-543,Sorento,c,3
RK-876,Legacy,b,2
ZT-502,Aygo,a,2
VJ-003,Corolla,b,3
KO-704,Golf,a,2
WI-296,Range Rover,c,1
MX-852,Sorento,c,1
WR-649,Sorento,c,1
ZU-996,Yaris,a,2
ZU-177,Sorento,c,3
CU-102,Golf,a,1
QC-045,Legacy,b,1
PX-069,Legacy,b,3
GX-500,Sorento,c,2
UX-812,Sorento,c,3
SW-666,Range Rover,c,1
YA-134,Land Cruiser,c,2
RG-927,Legacy,b,2
KR-238,Range Rover,c,1
MD-088,Sorento,c,1
JT-259,Yaris,a,3
QQ-539,Golf,a,3
DW-123,Legacy,b,2
TG-310,Legacy,b,1
QK-841,Passat,b,1
RN-639,Range Rover,c,1
AF-712,Yaris,a,2
GD-929,Passat,b,2
ZJ-126,Land Cruiser,c,1
TU-183,Passat,b,1
GQ-915,Land Cruiser,c,2
TZ-492,Aygo,a,3
OW-698,Range Rover,c,2
CY-827,Legacy,b,2
QM-771,Legacy,b,1
AA-576,Sorento,c,2
XW-076,Corolla,b,1
AD-540,Range Rover,c,3
LG-238,Passat,b,2
XT-145,Corolla,b,1
OG-025,Yaris,a,1
IE-823,Corolla,b,3
CN-017,Golf,a,1
EO-024,Range Rover,c,1
QQ-822,Passat,b,3
YN-156,Corolla,b,2
AC-418,Passat,b,1
CC-076,Golf,a,3
NC-502,Yaris,a,2
WE-954,Corolla,b,2
IZ-338,Corolla,b,2
PL-284,Golf,a,2
YM-756,Corolla,b,3
MU-208,Range Rover,c,1
PG-126,Passat,b,3
ZG-592,Yaris,a,2
UE-604,Passat,b,3
UA-126,Golf,a,1
MZ-626,Sorento,c,2
TW-409,Range Rover,c,3
VF-792,Legacy,b,1
SX-232,Yaris,a,1
KE-173,Land Cruiser,c,3
ZR-846,Land Cruiser,c,2
FI-216,Range Rover,c,2
KR-560,Land Cruiser,c,1
OS-541,Sorento,c,2
FJ-015,Yaris,a,1
EJ-747,Legacy,b,2
JS-958,Legacy,b,1
AE-883,Legacy,b,2
OK-809,Sorento,c,2
UD-349,Sorento,c,1
UZ-543,Corolla,b,1
SB-417,Legacy,b,1
LQ-135,Yaris,a,1
OD-663,Passat,b,2
UG-936,Passat,b,3
KQ-450,Sorento,c,2
QW-389,Land Cruiser,c,3
GL-746,Golf,a,1
YF-999,Legacy,b,2
YJ-773,Legacy,b,1
GV-048,Passat,b,3
JL-373,Yaris,a,3
BW-314,Golf,a,3
AN-934,Aygo,a,3
EY-492,Land Cruiser,c,2
GA-923,Yaris,a,1
FZ-956,Legacy,b,2
NA-814,Aygo,a,3
TQ-790,Legacy,b,2
FU-484,Passat,b,3
OW-972,Land Cruiser,c,3
BR-236,Legacy,b,1
SQ-980,Legacy,b,2
IC-725,Corolla,b,3
ST-010,Golf,a,2
KV-110,Range Rover,c,3
MD-217,Sorento,c,1
OD-998,Legacy,b,3
CX-274,Corolla,b,2
AI-525,Sorento,c,3
NB-506,Range Rover,c,3
TO-934,Legacy,b,3
IX-009,Passat,b,2
UB-918,Range Rover,c,1
OL-628,Legacy,b,2
XJ-222,Range Rover,c,3
LN-444,Golf,a,2
MU-880,Range Rover,c,2
FF-301,Sorento,c,1
LY-524,Range Rover,c,3
FF-763,Golf,a,3
QN-470,Land Cruiser,c,2
HB-882,Corolla,b,1
TH-260,Range Rover,c,3
AZ-848,Corolla,b,2
UD-995,Aygo,a,2
VO-619,Golf,a,1
IE-423,Yaris,a,1
OB-136,Yaris,a,1
RX-110,Legacy,b,3
VV-979,Land Cruiser,c,3
SY-016,Range Rover,c,2
MH-896,Yaris,a,2
HL-706,Aygo,a,2
NY-816,Aygo,a,3
PF-368,Aygo,a,2
QU-800,Land Cruiser,c,2
QY-339,Range Rover,c,1
WF-483,Range Rover,c,1
QY-001,Aygo,a,2
LN-248,Sorento,c,3
SD-137,Legacy,b,2
GN-611,Golf,a,1
ZR-605,Aygo,a,2
RF-365,Land Cruiser,c,2
MT-970,Aygo,a,2
FS-913,Corolla,b,3
OH-362,Aygo,a,2
ZR-049,Corolla,b,2
LF-375,Passat,b,3
VE-233,Passat,b,2
YP-192,Aygo,a,2
YQ-069,Aygo,a,1
XY-105,Range Rover,c,2
AC-536,Passat,b,3
QA-582,Range Rover,c,1
NN-575,Legacy,b,2
RP-565,Yaris,a,2
PJ-871,Yaris,a,3
AX-144,Corolla,b,2
RQ-508,Land Cruiser,c,2
GA-051,Range Rover,c,3
PQ-743,Corolla,b,3
WG-979,Corolla,b,3
JY-906,Corolla,b,3
JG-465,Legacy,b,2
SY-298,Golf,a,3
JP-019,Aygo,a,1
RJ-831,Sorento,c,2
VZ-109,Yaris,a,2
CN-055,Yaris,a,3
JW-346,Legacy,b,1
TV-384,Yaris,a,3
OX-125,Corolla,b,3
KH-186,Land Cruiser,c,3
CZ-157,Aygo,a,3
DL-582,Passat,b,2
TU-054,Land Cruiser,c,2
UM-433,Range Rover,c,1
VR-379,Range Rover,c,3
BZ-588,Range Rover,c,1
QG-847,Sorento,c,2
VZ-923,Sorento,c,2
EH-814,Range Rover,c,2
HM-484,Range Rover,c,2
FA-143,Aygo,a,1
LH-523,Range Rover,c,3
IZ-025,Sorento,c,3
NA-450,Golf,a,3
OL-850,Aygo,a,3
ZI-513,Corolla,b,2
RR-424,Sorento,c,1
TS-183,Legacy,b,1
GO-638,Sorento,c,2
RQ-333,Range Rover,c,2
OG-324,Passat,b,3
UG-368,Corolla,b,3
GJ-206,Golf,a,1
ZG-860,Passat,b,3
YX-767,Sorento,c,1
KT-045,Golf,a,2
HT-692,Yaris,a,1
SY-502,Passat,b,1
KP-483,Corolla,b,2
RN-598,Corolla,b,1
WD-103,Corolla,b,2
OZ-870,Corolla,b,1
XD-250,Aygo,a,2
KL-286,Land Cruiser,c,1
GD-544,Sorento,c,2
XR-290,Aygo,a,1
PA-263,Sorento,c,2
DI-845,Golf,a,2
OK-555,Sorento,c,1
XI-763,Land Cruiser,c,1
FM-521,Legacy,b,1
HT-303,Legacy,b,3
DU-848,Passat,b,1
JH-837,Aygo,a,2
FI-911,Land Cruiser,c,1
XW-748,Aygo,a,3
XV-792,Passat,b,1
FW-117,Golf,a,3
YG-603,Aygo,a,1
YV-167,Yaris,a,2
ML-666,Corolla,b,1
NR-542,Passat,b,1
PG-714,Yaris,a,2
LT-139,Passat,b,2
DD-243,Corolla,b,1
JX-477,Range Rover,c,2
JZ-013,Corolla,b,1
YD-134,Yaris,a,2
MR-238,Yaris,a,3
GK-898,Golf,a,2
LZ-885,Land Cruiser,c,3
CE-431,Passat,b,1
WI-258,Sorento,c,2
PB-752,Range Rover,c,2
NU-641,Yaris,a,1
WS-823,Legacy,b,3
CH-674,Legacy,b,2
CX-469,Corolla,b,2
CK-418,Yaris,a,2
OV-543,Range Rover,c,3
SH-405,Legacy,b,1
NM-590,Yaris,a,3
ML-103,Corolla,b,2
JM-121,Golf,a,2
LE-369,Yaris,a,2
NU-288,Yaris,a,3
PP-439,Passat,b,3
ZV-568,Sorento,c,2
CR-345,Legacy,b,3
TP-039,Golf,a,3
NW-162,Corolla,b,3
DA-926,Passat,b,3
IJ-950,Sorento,c,1
JY-852,Aygo,a,1
GG-631,Passat,b,1
ZT-166,Legacy,b,1
ZA-625,Aygo,a,1
CU-546,Corolla,b,1
MI-417,Sorento,c,3
RF-433,Corolla,b,1
MC-222,Sorento,c,1
TV-192,Passat,b,2
DZ-042,Yaris,a,3
YN-428,Corolla,b,2
FI-156,Sorento,c,2
EH-529,Range Rover,c,1
TG-577,Sorento,c,3
XK-191,Land Cruiser,c,1
LG-267,Land Cruiser,c,3
UO-532,Range Rover,c,1
EC-048,Golf,a,1
QN-895,Land Cruiser,c,2
RS-851,Passat,b,3
XP-762,Aygo,a,3
AN-861,Golf,a,3
GM-737,Sorento,c,1
PL-809,Legacy,b,1
ZN-275,Sorento,c,1
TZ-551,Corolla,b,1
LQ-704,Legacy,b,2
LD-828,Sorento,c,3
EL-958,Legacy,b,2
CS-813,Land Cruiser,c,3
UE-575,Range Rover,c,2
LG-340,Sorento,c,2
WM-318,Yaris,a,3
MC-470,Sorento,c,3
XE-583,Golf,a,1
IE-485,Golf,a,3
DL-676,Range Rover,c,2
CF-426,Legacy,b,2
HH-834,Golf,a,2
LP-186,Range Rover,c,3
LT-581,Range Rover,c,1
BN-985,Passat,b,1
YR-465,Yaris,a,1
EP-029,Passat,b,3
WM-077,Legacy,b,3
EG-445,Golf,a,3
VE-279,Land Cruiser,c,3
VO-210,Range Rover,c,3
JR-680,Sorento,c,2
RL-518,Range Rover,c,2
WJ-161,Golf,a,3
NA-321,Passat,b,2
WJ-876,Corolla,b,2
NX-052,Golf,a,1
HG-104,Golf,a,2
UH-572,Passat,b,2
YO-984,Sorento,c,2
PU-926,Legacy,b,2
UW-475,Legacy,b,3
IA-927,Land Cruiser,c,3
HL-890,Golf,a,1
TR-273,Corolla,b,1
HZ-249,Golf,a,1
DR-375,Legacy,b,1
UL-694,Passat,b,2
PY-724,Land Cruiser,c,1
CL-355,Aygo,a,2
SA-443,Sorento,c,1
OM-027,Sorento,c,1
BM-809,Corolla,b,1
UH-047,Sorento,c,3
SO-263,Corolla,b,2
RN-174,Aygo,a,1
LV-931,Yaris,a,2
RX-296,Passat,b,3
JL-144,Passat,b,2
QD-722,Land Cruiser,c,3
CU-598,Legacy,b,2
NH-955,Golf,a,2
YW-744,Golf,a,1
RE-781,Sorento,c,2
CJ-881,Yaris,a,2
LG-930,Range Rover,c,1
MR-767,Yaris,a,1
DT-880,Range Rover,c,3
HO-683,Land Cruiser,c,1
SW-307,Corolla,b,1
GU-589,Range Rover,c,3
JS-858,Land Cruiser,c,3
UC-950,Legacy,b,1
LQ-915,Sorento,c,2
VC-754,Aygo,a,1
EA-346,Sorento,c,2
BM-298,Aygo,a,1
UG-275,Range Rover,c,2
SG-812,Legacy,b,1
UB-047,Legacy,b,1
SS-370,Range Rover,c,3
VM-709,Land Cruiser,c,2
BW-392,Land Cruiser,c,2
NJ-617,Aygo,a,1
HX-873,Range Rover,c,1
TD-504,Yaris,a,1
VD-915,Corolla,b,1
DQ-919,Passat,b,1
NK-048,Legacy,b,3
AZ-580,Passat,b,2
YV-325,Legacy,b,2
EW-465,Passat,b,3
RE-463,Sorento,c,3
JD-625,Aygo,a,3
NR-834,Sorento,c,2
AS-291,Land Cruiser,c,1
AP-872,Corolla,b,2
TV-849,Sorento,c,3
HY-693,Range Rover,c,2
GJ-986,Golf,a,1
PX-895,Passat,b,2
JX-494,Land Cruiser,c,1
MA-529,Yaris,a,2
OW-774,Passat,b,2
DU-980,Sorento,c,1
FO-953,Legacy,b,2
BI-434,Golf,a,1
UR-869,Aygo,a,2
UV-261,Passat,b,3
XH-021,Range Rover,c,1
EU-177,Passat,b,2
DO-468,Land Cruiser,c,3
AI-673,Corolla,b,2
TF-720,Yaris,a,1
PU-890,Corolla,b,1
ZZ-385,Legacy,b,3
KT-634,Land Cruiser,c,3
DD-124,Passat,b,1
MB-053,Land Cruiser,c,2
IT-482,Passat,b,1
PL-331,Corolla,b,2
CB-245,Range Rover,c,2
DK-675,Land Cruiser,c,1
QM-588,Golf,a,2
RP-901,Yaris,a,1
LX-311,Aygo,a,2
DC-040,Golf,a,3
SH-408,Yaris,a,3
CS-185,Yaris,a,1
OZ-657,Golf,a,2
DM-766,Aygo,a,3
XK-338,Sorento,c,3
JE-853,Yaris,a,2
DX-235,Range Rover,c,1
HQ-225,Legacy,b,1
